family,n,instance,m,prop_n,prop_m,prop_density,prop_avg_degree,prop_max_degree,prop_min_degree,prop_degree_std,prop_clustering_coeff,prop_diameter,prop_avg_path_length,prop_spectral_gap,prop_lambda_max_laplacian,prop_algebraic_connectivity,prop_spectral_radius,prop_lambda_min_adj,prop_n_components,random_cut,random_time,greedy_cut,greedy_time,spectral_cut,spectral_time,gw_cut,gw_time,gw_fallback,gnn_cut,gnn_time,best_classical_cut,gnn_wins,gnn_ties
erdos_renyi,20,0,29,20,29,0.15263157894736842,2.9,5,1,1.1357816691600546,0.026666666666666665,6,2.705263157894737,0.24227044814818732,6.9992558068371835,0.24227044814818732,3.399015109173168,-2.862584986116812,1,14.0,0.01392429100087611,23.0,0.0007301250007003546,24.0,0.007267666995176114,25.0,0.08839870800147764,False,25.0,0.5883237079979153,25.0,0,1
erdos_renyi,20,1,23,20,23,0.12105263157894737,2.3,5,1,1.1445523142259597,0.075,8,3.457894736842105,0.11398448184075398,6.553385309911991,0.11398448184075398,2.8905637744110178,-2.745294293809783,1,11.0,0.00040833299863152206,18.0,0.000574500001675915,22.0,0.001964958995813504,22.0,0.0699805840049521,False,22.0,0.653895959003421,22.0,0,1
erdos_renyi,20,2,31,20,31,0.1631578947368421,3.1,6,1,1.3000000000000003,0.09333333333333334,5,2.542105263157895,0.38842631493502505,7.6837822599207595,0.38842631493502505,3.690302028704494,-2.8841786754507854,1,16.0,0.00040299999818671495,26.0,0.0005226659995969385,26.0,0.0010249999977531843,26.0,0.03769375000410946,False,26.0,0.7861447079994832,26.0,0,1
erdos_renyi,20,3,27,20,27,0.14210526315789473,2.7,6,1,1.2288205727444508,0.25833333333333336,8,3.221052631578947,0.12123221566416832,7.179711562063314,0.12123221566416832,3.264762696100162,-2.7228133102442413,1,15.0,0.0007320829972741194,20.0,0.0007498749982914887,23.0,0.0037221250022412278,23.0,0.05728324999654433,False,23.0,0.5874678749969462,23.0,0,1
erdos_renyi,20,4,30,20,30,0.15789473684210525,3.0,5,1,1.1832159566199232,0.065,8,3.168421052631579,0.1485710033681286,7.795733235343976,0.1485710033681286,3.759634100270338,-3.4748050916249142,1,16.0,0.0007658330068807118,27.0,0.004839457993512042,28.0,0.0021315839985618368,28.0,0.04611562499485444,False,28.0,0.7836484170038602,28.0,0,1
erdos_renyi,20,5,30,20,30,0.15789473684210525,3.0,6,1,1.51657508881031,0.06166666666666667,7,2.873684210526316,0.18194145359155225,8.086998208985019,0.18194145359155225,4.039069110280627,-3.340052345338568,1,20.0,0.0005476250007632188,28.0,0.0008731659982004203,28.0,0.003246499996748753,28.0,0.04718654200405581,False,28.0,0.38537466599518666,28.0,0,1
erdos_renyi,20,6,28,20,28,0.14736842105263157,2.8,5,2,1.0770329614269007,0.09666666666666666,6,2.8684210526315788,0.25508174004567924,7.157894056184249,0.25508174004567924,3.2790611729564025,-2.9295070600574302,1,15.0,0.0007234590011648834,24.0,0.0006094580021454021,24.0,0.0027927500050282106,25.0,0.08239037499879487,False,24.0,0.6944783329963684,25.0,0,0
erdos_renyi,20,7,29,20,29,0.15263157894736842,2.9,5,1,1.2609520212918492,0.08166666666666667,7,2.8157894736842106,0.25999050735640006,7.087719523273781,0.25999050735640006,3.6589378338064122,-2.822738919095578,1,12.0,0.0007544160034740344,22.0,0.0006362090061884373,23.0,0.0011524159999680705,25.0,0.03540554099890869,False,23.0,0.6352710840001237,25.0,0,0
erdos_renyi,20,8,28,20,28,0.14736842105263157,2.8,5,2,0.812403840463596,0.185,7,3.068421052631579,0.19566230597972809,6.57277376529263,0.19566230597972809,3.177823987715509,-2.6277248604578,1,15.0,0.00045479199616238475,24.0,0.0005706250012735836,22.0,0.0019216250002500601,24.0,0.045514167002693284,False,22.0,0.7014121250031167,24.0,0,0
erdos_renyi,20,9,25,20,25,0.13157894736842105,2.5,5,1,1.118033988749895,0.03833333333333333,7,3.1157894736842104,0.18246333315370364,6.619835331922972,0.18246333315370364,3.079291503503355,-2.7751765481368342,1,9.0,0.0006118330056779087,22.0,0.0006031250013620593,23.0,0.0015747919969726354,23.0,0.035839415999362245,False,23.0,0.5336269999970682,23.0,0,1
erdos_renyi,20,10,39,20,39,0.20526315789473684,3.9,6,1,1.2609520212918492,0.1,4,2.205263157894737,0.7070445401399851,8.446557370178759,0.7070445401399851,4.338155056311934,-3.5813491026002393,1,14.0,0.0007055419991957024,35.0,0.0011472919941297732,35.0,0.0020552080022753216,35.0,0.04421366699534701,False,35.0,0.6846151670033578,35.0,0,1
erdos_renyi,20,11,23,20,23,0.12105263157894737,2.3,4,1,0.9539392014169458,0.06666666666666667,7,3.405263157894737,0.16503701219973316,5.7037283900999585,0.16503701219973316,2.7556860065469455,-2.511188232906306,1,10.0,0.0006802919961046427,17.0,0.0006166669991216622,21.0,0.0018965000053867698,22.0,0.05334641700028442,False,21.0,0.7570660409983248,22.0,0,0
erdos_renyi,20,12,34,20,34,0.17894736842105263,3.4,6,1,1.4966629547095764,0.06666666666666667,5,2.4105263157894736,0.4712790508584422,8.120163432543139,0.4712790508584422,4.093877087977313,-3.1580857676919605,1,18.0,0.0006283749971771613,27.0,0.0011563750013010576,29.0,0.004836084000999108,29.0,0.039820500001951586,False,29.0,0.7666105830066954,29.0,0,1
erdos_renyi,20,13,25,20,25,0.13157894736842105,2.5,6,1,1.2449899597988732,0.11166666666666666,7,3.1315789473684212,0.16953657350606124,7.394636251334349,0.16953657350606124,3.190590499161684,-2.729505914291682,1,10.0,0.0008008340009837411,21.0,0.0007848340028431267,20.0,0.0022736669998266734,23.0,0.056950583995785564,False,23.0,0.5073910000064643,23.0,0,1
erdos_renyi,20,14,28,20,28,0.14736842105263157,2.8,5,1,1.3266499161421599,0.11833333333333333,6,2.9210526315789473,0.1555549213077602,6.975772610984077,0.1555549213077602,3.5625116444341662,-2.62118044502692,1,16.0,0.0005034999994677491,23.0,0.0005286250016069971,22.0,0.001174542005173862,23.0,0.04607008299353765,False,22.0,0.6457822499942267,23.0,0,0
erdos_renyi,20,15,31,20,31,0.1631578947368421,3.1,6,1,1.4106735979665883,0.0,5,2.457894736842105,0.5377593599500745,7.846489224619917,0.5377593599500745,3.6394869412952566,-3.207801904603386,1,19.0,0.0015686250044382177,22.0,0.0006782080017728731,26.0,0.0014528749961755238,28.0,0.0580609579992597,False,27.0,0.5739677089950419,28.0,0,0
erdos_renyi,20,16,30,20,30,0.15789473684210525,3.0,8,1,1.5811388300841898,0.20023809523809524,5,2.526315789473684,0.3579396423329934,9.285167735262887,0.3579396423329934,3.7413893092573116,-3.032216729680516,1,15.0,0.0008202500030165538,24.0,0.000906000001123175,25.0,0.0026752919948194176,25.0,0.04933320800046204,False,25.0,0.553305666995584,25.0,0,1
erdos_renyi,20,17,30,20,30,0.15789473684210525,3.0,7,1,1.51657508881031,0.21404761904761904,6,2.7736842105263158,0.3170397604019293,8.526490329487185,0.3170397604019293,3.764467462441667,-3.160580653353984,1,15.0,0.003965707997849677,25.0,0.002044708002358675,25.0,0.001534999995783437,25.0,0.06770254200091586,False,25.0,0.6505072500003735,25.0,0,1
erdos_renyi,20,18,25,20,25,0.13157894736842105,2.5,6,1,1.5329709716755893,0.08333333333333334,8,3.194736842105263,0.14669287607769074,7.7513466314429476,0.14669287607769074,3.431149367811625,-2.981873922029623,1,13.0,0.0009169999975711107,21.0,0.0006382080027833581,23.0,0.004292707999411505,23.0,0.046975665994978044,False,23.0,0.7137594999949215,23.0,0,1
erdos_renyi,20,19,25,20,25,0.13157894736842105,2.5,5,1,1.284523257866513,0.14333333333333334,8,3.1894736842105265,0.1443875833667076,6.9300206822354875,0.1443875833667076,3.1167796632245497,-2.8979691614955705,1,7.0,0.0005334169982234016,23.0,0.0005608330029645003,23.0,0.0011772079960792325,23.0,0.04656141700252192,False,23.0,0.36101212500216207,23.0,0,1
erdos_renyi,20,20,29,20,29,0.15263157894736842,2.9,8,1,1.9209372712298547,0.20666666666666664,5,2.536842105263158,0.318301999461033,9.244858002414963,0.318301999461033,3.8955019931394568,-3.117139585140781,1,13.0,0.00042012499761767685,21.0,0.0013984999968670309,25.0,0.0011487920055515133,25.0,0.07705012500082375,False,25.0,0.879223792006087,25.0,0,1
erdos_renyi,20,21,26,20,26,0.1368421052631579,2.6,4,1,1.0677078252031311,0.0,6,2.973684210526316,0.26092930257951963,6.5395276175915145,0.26092930257951963,3.1165090385068814,-2.913924268183619,1,16.0,0.00046641600056318566,22.0,0.0004600829997798428,23.0,0.004647916000976693,23.0,0.05844762500055367,False,23.0,0.6102549170027487,23.0,0,1
erdos_renyi,20,22,31,20,31,0.1631578947368421,3.1,7,1,1.5459624833740309,0.12476190476190477,7,2.768421052631579,0.2525188898743188,8.614487174072009,0.2525188898743188,4.017984648803635,-2.9624004900253693,1,15.0,0.000716792004823219,24.0,0.0006374169970513321,25.0,0.0017205830008606426,25.0,0.04196158299600938,False,25.0,0.6625013749944628,25.0,0,1
erdos_renyi,20,23,30,20,30,0.15789473684210525,3.0,7,1,1.5811388300841898,0.30476190476190473,5,2.5105263157894737,0.4541513282435279,8.487232961945233,0.4541513282435279,3.8621674465498748,-2.7226479227791973,1,16.0,0.0009549999958835542,22.0,0.001448125003662426,23.0,0.0022441249966504984,24.0,0.03971283400460379,False,23.0,0.3818240410037106,24.0,0,0
erdos_renyi,20,24,25,20,25,0.13157894736842105,2.5,5,1,1.284523257866513,0.03,7,3.094736842105263,0.17956100324299715,7.276971547424523,0.17956100324299715,3.264184901957979,-3.0992080190895095,1,18.0,0.0005136249965289608,24.0,0.0006520840033772402,23.0,0.00123899999744026,24.0,0.06724379099614453,False,24.0,0.5840606250058045,24.0,0,1
erdos_renyi,20,25,25,20,25,0.13157894736842105,2.5,6,1,1.3601470508735443,0.10833333333333332,7,2.9842105263157896,0.20525354858656014,7.259748977729208,0.20525354858656014,3.1761890034061846,-2.700176430508009,1,11.0,0.0004655419979826547,21.0,0.0016595000051893294,22.0,0.001799124998797197,22.0,0.22005591600463958,False,22.0,0.6485912080024718,22.0,0,1
erdos_renyi,20,26,29,20,29,0.15263157894736842,2.9,6,1,1.445683229480096,0.12166666666666666,6,2.8210526315789473,0.2920344690896385,7.5489393986123146,0.2920344690896385,3.7876421827264726,-2.818284896414054,1,17.0,0.0006937919970368966,22.0,0.0013456250017043203,24.0,0.0012382079949020408,25.0,0.05221045800135471,False,24.0,0.6085366670013173,25.0,0,0
erdos_renyi,20,27,34,20,34,0.17894736842105263,3.4,5,1,1.3564659966250536,0.07166666666666667,4,2.3421052631578947,0.48161706100459584,7.625487611319001,0.48161706100459584,3.9656837844955533,-3.0556572378328637,1,6.0,0.0005648750011459924,27.0,0.0008676249999552965,28.0,0.0017862080057966523,28.0,0.039710125005512964,False,28.0,0.887758249999024,28.0,0,1
erdos_renyi,20,28,30,20,30,0.15789473684210525,3.0,6,1,1.3038404810405297,0.19333333333333333,6,2.7473684210526317,0.1985102597734302,7.645549332983208,0.1985102597734302,3.647647432245875,-2.9200666557373456,1,15.0,0.0007470829950761981,24.0,0.0005437079962575808,25.0,0.004622375003236812,25.0,0.06910133299970767,False,25.0,0.6528970830040635,25.0,0,1
erdos_renyi,20,29,22,20,22,0.11578947368421053,2.2,4,1,0.9273618495495703,0.05,10,3.763157894736842,0.09588028705486758,5.7289321576633805,0.09588028705486758,2.6900052171465663,-2.4908228254504197,1,15.0,0.0009551249968353659,18.0,0.001607707999937702,21.0,0.01336583399825031,21.0,0.2529258330032462,False,21.0,0.5507500000021537,21.0,0,1
planted_partition,20,0,30,20,30,0.15789473684210525,3.0,5,1,1.0488088481701516,0.32999999999999996,7,3.636842105263158,0.07476673714204016,6.574526132285106,0.07476673714204016,3.391578388765814,-2.6365088309698663,1,18.0,0.00045454099745256826,23.0,0.0004839169996557757,25.0,0.0018155419966205955,25.0,0.07540437500574626,False,24.0,0.7754830420017242,25.0,0,0
planted_partition,20,1,32,20,32,0.16842105263157894,3.2,5,2,0.9273618495495705,0.25166666666666665,5,2.5894736842105264,0.4054879308654433,6.928096524288129,0.4054879308654433,3.553652286701827,-2.8932209689694086,1,17.0,0.0007728749988018535,26.0,0.0005973339939373545,27.0,0.0042137499985983595,27.0,0.06167508300131885,False,27.0,0.9669951250034501,27.0,0,1
planted_partition,20,2,36,20,36,0.18947368421052632,3.6,7,1,1.3928388277184118,0.4302380952380952,6,2.7473684210526317,0.23855642524994217,8.289935844121157,0.23855642524994217,4.213457038129879,-2.627774034236503,1,17.0,0.002409000000625383,26.0,0.0018677920015761629,27.0,0.001762667001457885,29.0,0.06227416600449942,False,28.0,0.9172915000017383,29.0,0,0
planted_partition,20,3,32,20,32,0.16842105263157894,3.2,6,1,1.2083045973594573,0.15999999999999998,7,2.7473684210526317,0.32107542125206456,7.670885102152666,0.32107542125206456,3.9201353963307897,-2.903127189227464,1,17.0,0.005595958005869761,25.0,0.008786083999439143,26.0,0.007295666997379158,28.0,0.10374029199738288,False,28.0,1.0971029169959365,28.0,0,1
planted_partition,20,4,35,20,35,0.18421052631578946,3.5,6,1,1.2041594578792296,0.31666666666666665,5,2.431578947368421,0.45474633100282635,7.5046241149940895,0.45474633100282635,3.99126396647215,-2.884534840615041,1,19.0,0.0006666249973932281,24.0,0.0009257080018869601,27.0,0.006355083001835737,28.0,0.05048933299985947,False,28.0,0.7128227499997593,28.0,0,1
planted_partition,20,5,32,20,32,0.16842105263157894,3.2,5,1,1.1224972160321824,0.32666666666666666,6,3.0631578947368423,0.18387341279486982,7.000218409909744,0.18387341279486982,3.8113741419179443,-2.825796147833818,1,15.0,0.0004481249998207204,26.0,0.0007334999972954392,26.0,0.001520083002105821,27.0,0.046368499999516644,False,27.0,0.6451379579957575,27.0,0,1
planted_partition,20,6,39,20,39,0.20526315789473684,3.9,6,2,1.2206555615733703,0.53,5,2.8210526315789473,0.21231747575054033,7.817885102204069,0.21231747575054033,4.81069936922684,-2.9596155553919044,1,17.0,0.0004401659971335903,26.0,0.0024529169968445785,31.0,0.00725845800479874,31.0,0.045542583997303154,False,31.0,0.6735611660042196,31.0,0,1
planted_partition,20,7,40,20,40,0.21052631578947367,4.0,7,2,1.2649110640673518,0.4852380952380952,5,2.542105263157895,0.2607771180845721,8.57157890661378,0.2607771180845721,4.40421096925276,-2.79246252459827,1,21.0,0.0009747499934746884,29.0,0.0013546249974751845,31.0,0.009034333997988142,31.0,0.05302791700523812,False,31.0,0.8822478330039303,31.0,0,1
planted_partition,20,8,34,20,34,0.17894736842105263,3.4,6,1,1.3564659966250536,0.26666666666666666,6,2.6315789473684212,0.37216886463787757,7.457855463444733,0.37216886463787757,4.186565717911909,-2.7569644717642863,1,18.0,0.0009226670008501969,25.0,0.001696665996860247,27.0,0.0015275420009857044,27.0,0.04925195800024085,False,27.0,0.71758933399542,27.0,0,1
planted_partition,20,9,32,20,32,0.16842105263157894,3.2,6,1,1.3638181696985856,0.15833333333333333,6,2.6736842105263157,0.3640618959903477,7.386940898536968,0.3640618959903477,4.066477690535482,-2.628716690618575,1,19.0,0.000567209004657343,25.0,0.0005462499975692481,25.0,0.00846991699654609,27.0,0.06913633300428046,False,27.0,0.5879608749964973,27.0,0,1
planted_partition,20,10,40,20,40,0.21052631578947367,4.0,6,2,1.3038404810405297,0.5183333333333333,4,2.4,0.42554366477472166,7.994914781443239,0.42554366477472166,4.374482599779082,-2.9081882032578306,1,16.0,0.0005969589983578771,29.0,0.0006429160057450645,30.0,0.001320583003689535,30.0,0.06950162499560975,False,30.0,0.7783347499935189,30.0,0,1
planted_partition,20,11,39,20,39,0.20526315789473684,3.9,6,1,1.4798648586948742,0.27166666666666667,4,2.268421052631579,0.5880076139057242,8.101266789426134,0.5880076139057242,4.5247911040084,-2.8978721380692267,1,18.0,0.0005696669977623969,30.0,0.0015922499951557256,30.0,0.0034995000023627654,30.0,0.04064762499911012,False,30.0,0.868550041996059,30.0,0,1
planted_partition,20,12,42,20,42,0.22105263157894736,4.2,6,2,1.2884098726725124,0.375,5,2.4263157894736844,0.36551897555954926,8.44692298363664,0.36551897555954926,4.918854292071686,-2.982267500035644,1,24.0,0.0011229169977013953,28.0,0.0006739580057910644,32.0,0.00511354100308381,33.0,0.06569041700277012,False,32.0,0.9048190419998718,33.0,0,0
planted_partition,20,13,31,20,31,0.1631578947368421,3.1,7,1,1.5779733838059498,0.41047619047619044,7,3.0473684210526315,0.1664135950502197,8.3011575087846,0.1664135950502197,3.855844821064512,-2.7776204228741928,1,13.0,0.0007146659991121851,22.0,0.0006387920002453029,26.0,0.001670958001341205,26.0,0.08149116699496517,False,26.0,0.9311076250014594,26.0,0,1
planted_partition,20,14,34,20,34,0.17894736842105263,3.4,5,1,1.2409673645990857,0.2683333333333333,5,2.610526315789474,0.36661080228056564,7.266093534947057,0.36661080228056564,4.010405228409099,-2.909134766175101,1,16.0,0.0011078340030508116,26.0,0.001401000001351349,28.0,0.0018567080041975714,28.0,0.05641004099743441,False,28.0,0.823403792004683,28.0,0,1
planted_partition,20,15,29,20,29,0.15263157894736842,2.9,5,1,0.99498743710662,0.30166666666666664,10,4.184210526315789,0.06055602894683755,6.4459585487901965,0.06055602894683755,3.5073213168791693,-2.3860306956252457,1,17.0,0.000628417001280468,23.0,0.0009314160051872022,22.0,0.0067840420015272684,24.0,0.058522208004433196,False,23.0,0.948187207999581,24.0,0,0
planted_partition,20,16,32,20,32,0.16842105263157894,3.2,8,1,1.5033296378372907,0.5104761904761904,7,3.094736842105263,0.10542536602330377,9.155519305097833,0.10542536602330377,4.011350863338252,-2.731618957418735,1,15.0,0.00227650000306312,23.0,0.0010054999947897159,25.0,0.0029282499963301234,25.0,0.08644012500008103,False,25.0,0.8116931249969639,25.0,0,1
planted_partition,20,17,35,20,35,0.18421052631578946,3.5,5,2,0.8660254037844386,0.12,5,2.4842105263157896,0.46261514367943835,7.381622380921858,0.46261514367943835,3.738625281407682,-3.0662219673377895,1,17.0,0.00043654200271703303,30.0,0.0005675830034306273,28.0,0.004248334000294562,30.0,0.08598466699913843,False,29.0,0.5471356249981909,30.0,0,0
planted_partition,20,18,37,20,37,0.19473684210526315,3.7,7,2,1.452583904633395,0.14047619047619048,4,2.3526315789473684,0.5447246093695032,8.79155904359044,0.5447246093695032,4.3707926625137,-3.280751817480652,1,16.0,0.000754166001570411,27.0,0.0009558329984429292,31.0,0.002017499995417893,31.0,0.04959225000493461,False,31.0,0.7034662919977563,31.0,0,1
planted_partition,20,19,33,20,33,0.1736842105263158,3.3,6,1,1.5842979517754858,0.23166666666666663,6,2.8473684210526318,0.24564635456894246,7.762903437038386,0.24564635456894246,4.38658802211831,-2.781924589566795,1,9.0,0.0006198330011102371,24.0,0.000953208000282757,27.0,0.004799166999873705,27.0,0.061949957998876926,False,27.0,1.3534505830029957,27.0,0,1
planted_partition,20,20,35,20,35,0.18421052631578946,3.5,6,1,1.2449899597988732,0.44666666666666666,7,3.068421052631579,0.1232558230753551,7.344873337109116,0.1232558230753551,4.004531204220759,-2.6041556852843812,1,25.0,0.001111792000301648,26.0,0.0049984590004896745,27.0,0.00240499999927124,27.0,0.16519441599666607,False,27.0,1.977224499998556,27.0,0,1
planted_partition,20,21,38,20,38,0.2,3.8,6,1,1.5362291495737217,0.31999999999999995,6,2.431578947368421,0.4103298547557684,7.876914858216008,0.4103298547557684,4.82240727861784,-2.7278273368911186,1,18.0,0.002640334001625888,28.0,0.0027080840009148233,29.0,0.0022586250051972456,29.0,0.10261737499968149,False,29.0,0.7727692499975092,29.0,0,1
planted_partition,20,22,36,20,36,0.18947368421052632,3.6,7,1,1.8547236990991407,0.43785714285714283,5,2.5157894736842104,0.26278609495016436,8.88560832385829,0.26278609495016436,4.6649015582529785,-2.8778403074116383,1,19.0,0.005943083000602201,25.0,0.0008403329993598163,27.0,0.002782832998491358,28.0,0.047214834004989825,False,27.0,0.5762258329996257,28.0,0,0
planted_partition,20,23,38,20,38,0.2,3.8,8,1,1.9390719429665317,0.3538095238095238,5,2.594736842105263,0.3119066551523495,9.080501997490131,0.3119066551523495,5.369045798585165,-3.1393556381640733,1,19.0,0.0005969170015305281,26.0,0.0006452920060837641,30.0,0.001525457999377977,31.0,0.0701725830003852,False,30.0,0.784546250004496,31.0,0,0
planted_partition,20,24,31,20,31,0.1631578947368421,3.1,5,1,1.445683229480096,0.215,7,3.1052631578947367,0.15253888907987662,7.276467211770209,0.15253888907987662,3.882770731749407,-2.9545444697491474,1,18.0,0.0006964170024730265,26.0,0.0011042080004699528,26.0,0.002113082999130711,26.0,0.08149341600073967,False,26.0,1.9437248329995782,26.0,0,1
planted_partition,20,25,36,20,36,0.18947368421052632,3.6,7,1,1.624807680927192,0.3152380952380952,5,2.4473684210526314,0.44674647946341756,8.425154131477411,0.44674647946341756,4.379959322313763,-3.0238235968623566,1,16.0,0.0038207079996936955,25.0,0.0014678329971502535,27.0,0.023567666998133063,29.0,0.25317200000426965,False,28.0,1.1534092080037226,29.0,0,0
planted_partition,20,26,37,20,37,0.19473684210526315,3.7,6,1,1.452583904633395,0.23666666666666666,6,2.473684210526316,0.3964283171525122,8.1121341436798,0.3964283171525122,4.313544251683219,-3.118463927178024,1,14.0,0.0006451250010286458,27.0,0.0012776250005117618,29.0,0.007477334002032876,30.0,0.08533233300113352,False,29.0,0.7696649999998044,30.0,0,0
planted_partition,20,27,40,20,40,0.21052631578947367,4.0,7,2,1.4142135623730951,0.43619047619047613,4,2.3526315789473684,0.525323218226911,8.713605029476533,0.525323218226911,4.615945404741083,-3.122262551957993,1,12.0,0.01234837499941932,32.0,0.0008557920009479858,32.0,0.05757233299664222,32.0,0.3915960419981275,False,31.0,0.9010982499967213,32.0,0,0
planted_partition,20,28,42,20,42,0.22105263157894736,4.2,8,2,1.6,0.5163095238095238,5,2.557894736842105,0.28950872831099245,9.276564606711052,0.28950872831099245,5.332036091671627,-2.7740734031979613,1,26.0,0.0005198750004637986,27.0,0.0005407909993664362,31.0,0.008719457997358404,31.0,0.14938970799994422,False,31.0,1.698465875000693,31.0,0,1
planted_partition,20,29,38,20,38,0.2,3.8,6,1,1.3638181696985856,0.195,4,2.289473684210526,0.7359782135123109,7.824238845239932,0.7359782135123109,4.400022715766199,-2.980303912656567,1,22.0,0.0007033329966361634,26.0,0.0014245830025174655,32.0,0.00243462499929592,32.0,0.08145962499838788,False,32.0,2.30470216699905,32.0,0,1
random_regular,20,0,30,20,30,0.15789473684210525,3.0,3,3,0.0,0.05,5,2.6894736842105265,0.46804203250522014,5.614376227335662,0.46804203250522014,3.0000000000000004,-2.614376227335663,1,22.0,0.0008916669976315461,26.0,0.001446957998268772,26.0,0.002909957998781465,26.0,0.1674191249985597,False,26.0,1.4176382499936153,26.0,0,1
random_regular,20,1,30,20,30,0.15789473684210525,3.0,3,3,0.0,0.05,5,2.6578947368421053,0.4148406439506549,5.457940833243233,0.4148406439506549,3.0000000000000004,-2.4579408332432333,1,19.0,0.0013436249937512912,24.0,0.0008658329970785417,25.0,0.002461542004311923,25.0,0.08563529199454933,False,25.0,2.5966024579975056,25.0,0,1
random_regular,20,2,30,20,30,0.15789473684210525,3.0,3,3,0.0,0.05,5,2.8105263157894735,0.4100413494866611,5.8255078260835536,0.4100413494866611,3.0000000000000013,-2.82550782608355,1,14.0,0.0011898749944521114,25.0,0.0026487499999348074,28.0,0.0022326250036712736,28.0,0.047141249997366685,False,28.0,0.9936737910029478,28.0,0,1
random_regular,20,3,30,20,30,0.15789473684210525,3.0,3,3,0.0,0.0,4,2.6052631578947367,0.5273276984107449,5.5839615048524545,0.5273276984107449,3.0000000000000018,-2.583961504852455,1,13.0,0.0005502499989233911,26.0,0.0017042499966919422,26.0,0.006029916999978013,26.0,0.17781916699459543,False,26.0,0.9138067910025711,26.0,0,1
random_regular,20,4,30,20,30,0.15789473684210525,3.0,3,3,0.0,0.0,4,2.5526315789473686,0.584176862513547,5.623615303910836,0.584176862513547,2.9999999999999996,-2.623615303910835,1,14.0,0.0004822919945581816,26.0,0.0005932920030318201,26.0,0.0043983340001432225,26.0,0.07157812500372529,False,26.0,0.6720361670013517,26.0,0,1
random_regular,20,5,30,20,30,0.15789473684210525,3.0,3,3,0.0,0.0,4,2.5526315789473686,0.6954117260533074,5.630892184065913,0.6954117260533074,3.0,-2.6308921840659143,1,15.0,0.0004396660006023012,25.0,0.0004928339985781349,26.0,0.0020264160048100166,26.0,0.06932425000559306,False,26.0,0.9824462500037043,26.0,0,1
random_regular,20,6,30,20,30,0.15789473684210525,3.0,3,3,0.0,0.05,5,2.710526315789474,0.5226969192196131,5.823540643837262,0.5226969192196131,2.9999999999999996,-2.8235406438372634,1,12.0,0.0012522920005721971,26.0,0.0017678330041235313,28.0,0.003601959004299715,28.0,0.0573660000009113,False,28.0,0.6199360410028021,28.0,0,1
random_regular,20,7,30,20,30,0.15789473684210525,3.0,3,3,0.0,0.1,6,2.8421052631578947,0.3191022936545317,5.679064958875651,0.3191022936545317,3.0,-2.679064958875651,1,17.0,0.0018509170040488243,24.0,0.0006869589997222647,26.0,0.004359582999313716,26.0,0.06931420900218654,False,26.0,0.8739648749979096,26.0,0,1
random_regular,20,8,30,20,30,0.15789473684210525,3.0,3,3,0.0,0.05,5,2.7263157894736842,0.4126609544764677,5.686856925999788,0.4126609544764677,3.0000000000000018,-2.6868569259997845,1,17.0,0.0005632089960272424,26.0,0.0015010409988462925,27.0,0.005265042003884446,27.0,0.05538587500632275,False,27.0,0.698668249999173,27.0,0,1
random_regular,20,9,30,20,30,0.15789473684210525,3.0,3,3,0.0,0.15,5,2.6578947368421053,0.5297025951890313,5.412802866794724,0.5297025951890313,3.000000000000001,-2.4128028667947232,1,19.0,0.0005597909985226579,25.0,0.0013983750031911768,25.0,0.005822042003273964,25.0,0.043410083002527244,False,25.0,1.0397916250003618,25.0,0,1
random_regular,20,10,30,20,30,0.15789473684210525,3.0,3,3,0.0,0.15,5,2.8105263157894735,0.3576105086897314,5.6016304946807125,0.3576105086897314,3.0,-2.6016304946807125,1,10.0,0.00044875000457977876,24.0,0.0005292080022627488,26.0,0.0032021660008467734,26.0,0.053735916000732686,False,26.0,0.8459829170024022,26.0,0,1
random_regular,20,11,30,20,30,0.15789473684210525,3.0,3,3,0.0,0.1,5,2.8473684210526318,0.3599562159879794,5.618055103375113,0.3599562159879794,3.0000000000000013,-2.618055103375112,1,17.0,0.0004578750013024546,25.0,0.0005551249996642582,26.0,0.0020656250053434633,26.0,0.049119458002678584,False,26.0,1.170751041994663,26.0,0,1
random_regular,20,12,30,20,30,0.15789473684210525,3.0,3,3,0.0,0.0,5,2.6526315789473682,0.5385352865171344,5.796608839913219,0.5385352865171344,2.9999999999999996,-2.796608839913217,1,19.0,0.0008805420002317987,28.0,0.0010288749981555156,28.0,0.00692529200023273,28.0,0.03988458299863851,False,28.0,0.6709564999982831,28.0,0,1
random_regular,20,13,30,20,30,0.15789473684210525,3.0,3,3,0.0,0.05,5,2.736842105263158,0.39597737653643733,5.7129952995584565,0.39597737653643733,3.000000000000001,-2.7129952995584565,1,13.0,0.0004905410023638979,26.0,0.003166792004776653,27.0,0.0012768329979735427,27.0,0.06206495800142875,False,26.0,0.598731541998859,27.0,0,0
random_regular,20,14,30,20,30,0.15789473684210525,3.0,3,3,0.0,0.15,5,2.731578947368421,0.45740859744613993,5.544761103716341,0.45740859744613993,2.999999999999999,-2.5447611037163393,1,15.0,0.0030444160001934506,25.0,0.0007652499989490025,25.0,0.0018701669978327118,25.0,0.048292749997926876,False,25.0,0.4784345000007306,25.0,0,1
random_regular,20,15,30,20,30,0.15789473684210525,3.0,3,3,0.0,0.05,5,2.636842105263158,0.5850983663299567,5.8163893054766485,0.5850983663299567,3.0,-2.816389305476649,1,19.0,0.0004443750003702007,28.0,0.0006576250016223639,28.0,0.001955375002580695,28.0,0.049478417000500485,False,28.0,0.4930349999995087,28.0,0,1
random_regular,20,16,30,20,30,0.15789473684210525,3.0,3,3,0.0,0.2,7,3.163157894736842,0.1792626188092323,5.674640006335167,0.1792626188092323,2.9999999999999996,-2.674640006335164,1,15.0,0.00043604199890978634,24.0,0.0004912500007776543,26.0,0.003005749997100793,26.0,0.04656304200034356,False,26.0,0.583584834006615,26.0,0,1
random_regular,20,17,30,20,30,0.15789473684210525,3.0,3,3,0.0,0.05,5,2.6210526315789475,0.5270170860709565,5.590165524159215,0.5270170860709565,3.0,-2.590165524159218,1,11.0,0.0004418749958858825,25.0,0.0009489580043009482,26.0,0.0023917500002426095,26.0,0.06359845800034236,False,26.0,0.4708509589981986,26.0,0,1
random_regular,20,18,30,20,30,0.15789473684210525,3.0,3,3,0.0,0.0,5,2.636842105263158,0.49316735708368015,5.845570428496811,0.49316735708368015,3.0000000000000027,-2.8455704284968135,1,21.0,0.0004914169985568151,28.0,0.0004851670018979348,28.0,0.0018898750058724545,28.0,0.04551583300053608,False,28.0,0.6504527079960098,28.0,0,1
random_regular,20,19,30,20,30,0.15789473684210525,3.0,3,3,0.0,0.15,6,2.8210526315789473,0.31057173283323486,5.546283319717503,0.31057173283323486,2.999999999999999,-2.5462833197175043,1,10.0,0.00045125000178813934,24.0,0.004022084001917392,26.0,0.0036337089986773208,26.0,0.05657837499893503,False,26.0,0.6920709170008195,26.0,0,1
random_regular,20,20,30,20,30,0.15789473684210525,3.0,3,3,0.0,0.2,6,2.8263157894736843,0.3361392792752491,5.692353560089017,0.3361392792752491,3.0000000000000013,-2.6923535600890176,1,21.0,0.000519791996339336,23.0,0.0006135420044302009,27.0,0.0037043330012238584,27.0,0.050887209006759804,False,27.0,0.5206098749986268,27.0,0,1
random_regular,20,21,30,20,30,0.15789473684210525,3.0,3,3,0.0,0.15,6,2.889473684210526,0.2967528353649258,5.6062869054257325,0.2967528353649258,3.0000000000000013,-2.6062869054257325,1,14.0,0.0004456669994397089,25.0,0.0006847500044386834,26.0,0.0011540830018930137,26.0,0.050220791999890935,False,26.0,0.545850041002268,26.0,0,1
random_regular,20,22,30,20,30,0.15789473684210525,3.0,3,3,0.0,0.1,6,2.831578947368421,0.28007248317328726,5.6659950490802204,0.28007248317328726,3.0000000000000004,-2.665995049080224,1,15.0,0.0005929589970037341,27.0,0.0008933329954743385,27.0,0.0017007920032483526,27.0,0.046960084000602365,False,27.0,0.4874529579974478,27.0,0,1
random_regular,20,23,30,20,30,0.15789473684210525,3.0,3,3,0.0,0.15,5,2.763157894736842,0.32036067887574543,5.577021593872059,0.32036067887574543,3.000000000000001,-2.577021593872055,1,17.0,0.0008307500029332004,26.0,0.0010131660019396804,26.0,0.002432875000522472,26.0,0.048070875003759284,False,26.0,0.4529002089984715,26.0,0,1
random_regular,20,24,30,20,30,0.15789473684210525,3.0,3,3,0.0,0.1,5,2.8157894736842106,0.41854764309296805,5.613230445836388,0.41854764309296805,3.0000000000000004,-2.6132304458363858,1,17.0,0.0004869169933954254,25.0,0.0009677080015535466,26.0,0.0015869170019868761,26.0,0.05387087500275811,False,26.0,0.44637520799733466,26.0,0,1
random_regular,20,25,30,20,30,0.15789473684210525,3.0,3,3,0.0,0.1,6,2.789473684210526,0.36017216807861674,5.643893532798072,0.36017216807861674,3.000000000000001,-2.6438935327980726,1,12.0,0.00045629099622601643,26.0,0.0007772080061840825,26.0,0.0031234589987434447,26.0,0.04637816600006772,False,26.0,0.34964108299755026,26.0,0,1
random_regular,20,26,30,20,30,0.15789473684210525,3.0,3,3,0.0,0.05,4,2.610526315789474,0.6395866531905121,5.659301331085784,0.6395866531905121,3.0000000000000004,-2.6593013310857865,1,16.0,0.000726458994904533,25.0,0.0006782080017728731,26.0,0.002317292004590854,26.0,0.04366812499938533,False,26.0,0.5241049579999526,26.0,0,1
random_regular,20,27,30,20,30,0.15789473684210525,3.0,3,3,0.0,0.0,5,2.642105263157895,0.5029694731466665,5.689431619447116,0.5029694731466665,3.0,-2.6894316194471117,1,9.0,0.0005587080013356172,25.0,0.0006650420036748983,27.0,0.0012423340012901463,27.0,0.1658253749992582,False,27.0,0.13776358300674474,27.0,0,1
random_regular,20,28,30,20,30,0.15789473684210525,3.0,3,3,0.0,0.2,6,3.0157894736842104,0.20576492971566723,5.4571499327522925,0.20576492971566723,3.0000000000000013,-2.4571499327522925,1,17.0,0.0011338330004946329,25.0,0.000792499995441176,26.0,0.0019256669984315522,26.0,0.06917150000663241,False,26.0,0.7148046250003972,26.0,0,1
random_regular,20,29,30,20,30,0.15789473684210525,3.0,3,3,0.0,0.2,6,3.1052631578947367,0.24902691122914059,5.629058784539608,0.24902691122914059,3.0000000000000027,-2.6290587845396067,1,21.0,0.0004457499962882139,25.0,0.0010180829995078966,26.0,0.0014904580020811409,26.0,0.06243745800020406,False,26.0,0.6495945419956115,26.0,0,1
barabasi_albert,20,0,51,20,51,0.26842105263157895,5.1,11,3,2.6057628441590763,0.39277056277056277,3,1.8526315789473684,1.7567013720896643,12.436582197055177,1.7567013720896643,6.13044521371336,-3.8352831893418684,1,30.0,0.0004913339944323525,33.0,0.0006528329977300018,38.0,0.0014222919999156147,41.0,0.036055832999409176,False,41.0,0.5846195420017466,41.0,0,1
barabasi_albert,20,1,51,20,51,0.26842105263157895,5.1,10,3,2.233830790368868,0.3487698412698413,3,1.8631578947368421,1.671761985285304,11.788166456825627,1.671761985285304,5.887724412450831,-3.8164368419147072,1,32.0,0.0007127499993657693,32.0,0.0028307079992373474,38.0,0.00166079199698288,39.0,0.04856279199884739,False,39.0,0.49210616699565435,39.0,0,1
barabasi_albert,20,2,51,20,51,0.26842105263157895,5.1,10,1,2.487971060924946,0.40750000000000003,4,1.8842105263157896,0.8313474459352457,11.720090499547162,0.8313474459352457,6.119082113810395,-3.4186942541371717,1,26.0,0.0010358329964219593,34.0,0.002903624997998122,38.0,0.001697249994322192,38.0,0.04368470799818169,False,38.0,0.43775691599876154,38.0,0,1
barabasi_albert,20,3,51,20,51,0.26842105263157895,5.1,9,3,1.9209372712298545,0.25357142857142856,3,1.8736842105263158,1.6370211731867224,11.04276236529279,1.6370211731867224,5.8339628685784195,-3.368932904542599,1,28.0,0.000447457998234313,37.0,0.0008734999937587418,37.0,0.0022583329991903156,39.0,0.03672116699453909,False,39.0,0.7131459160009399,39.0,0,1
barabasi_albert,20,4,51,20,51,0.26842105263157895,5.1,12,3,2.3,0.4060894660894661,3,1.9105263157894736,1.3545549192886759,13.254056107855645,1.3545549192886759,6.0280235725124784,-3.492751571292481,1,29.0,0.0007470420023309998,39.0,0.0007196249935077503,38.0,0.0037825420004082844,39.0,0.04533104199799709,False,38.0,0.6408349170014844,39.0,0,0
barabasi_albert,20,5,51,20,51,0.26842105263157895,5.1,12,2,2.7910571473905725,0.3844949494949495,3,1.868421052631579,1.2669208034735775,13.303328105669136,1.2669208034735775,6.36245724682172,-3.428471510744167,1,30.0,0.000647250002657529,36.0,0.0005727500029024668,38.0,0.001324290999036748,38.0,0.061494958004914224,False,38.0,0.6270175419995212,38.0,0,1
barabasi_albert,20,6,51,20,51,0.26842105263157895,5.1,12,1,2.7,0.3546789321789322,3,1.894736842105263,0.9535576714534503,13.29975456820653,0.9535576714534503,6.303093741157846,-3.7055622629426668,1,25.0,0.000559832995350007,38.0,0.0012291669991100207,39.0,0.001840832999732811,39.0,0.124731249998149,False,39.0,1.1189527089954936,39.0,0,1
barabasi_albert,20,7,51,20,51,0.26842105263157895,5.1,13,3,2.808914381037628,0.34877539127539126,3,1.8578947368421053,1.5277184256169225,14.132270974598578,1.5277184256169225,6.371117375460093,-3.4815283901558844,1,27.0,0.0006374590011546388,38.0,0.0010469580010976642,36.0,0.006143458005681168,38.0,0.11821400000189897,False,38.0,0.4849958329941728,38.0,0,1
barabasi_albert,20,8,51,20,51,0.26842105263157895,5.1,9,3,2.32163735324878,0.3089285714285714,3,1.8421052631578947,1.937490969665445,11.151572076331837,1.937490969665445,5.866456477461842,-3.6838474933584724,1,31.0,0.00044395800068741664,37.0,0.0005450839962577447,38.0,0.0012979169987374917,40.0,0.07976966699789045,False,38.0,0.8669323750000331,40.0,0,0
barabasi_albert,20,9,51,20,51,0.26842105263157895,5.1,11,1,2.5865034312755126,0.39006132756132755,4,1.931578947368421,0.8753262441689285,12.321008434364781,0.8753262441689285,6.270247685107965,-3.53928161333923,1,28.0,0.01199537499633152,34.0,0.0015141249969019555,36.0,0.0027447500033304095,39.0,0.07279995799763128,False,37.0,0.9612974999981816,39.0,0,0
barabasi_albert,20,10,51,20,51,0.26842105263157895,5.1,12,3,2.118962010041709,0.25587662337662337,3,1.9052631578947368,1.56621287356951,13.301102660756946,1.56621287356951,5.896008491699634,-3.946254143238016,1,22.0,0.006975874995987397,39.0,0.0012111250034649856,40.0,0.015305125001759734,41.0,0.0632687920005992,False,40.0,0.6381436250012484,41.0,0,0
barabasi_albert,20,11,51,20,51,0.26842105263157895,5.1,9,3,2.2561028345356955,0.33706349206349207,3,1.8578947368421053,1.6874424757365307,11.289244944128892,1.6874424757365307,5.903926996414252,-3.7804921377412657,1,26.0,0.0010796670030686073,37.0,0.005651125000440516,38.0,0.0028897910015075468,40.0,0.05951620899577392,False,40.0,0.6501670409998042,40.0,0,1
barabasi_albert,20,12,51,20,51,0.26842105263157895,5.1,14,2,2.8792360097775935,0.4543559218559219,3,1.8631578947368421,1.5814475791345852,15.121077178478535,1.5814475791345852,6.371515302615583,-3.628563730118809,1,29.0,0.00043579100019996986,36.0,0.0006497500071418472,38.0,0.005090375001600478,39.0,0.03629220799484756,False,38.0,0.691426124998543,39.0,0,0
barabasi_albert,20,13,51,20,51,0.26842105263157895,5.1,11,3,2.7,0.4207756132756133,3,1.8473684210526315,1.5808374176109,12.83445755754749,1.5808374176109,6.223879927681121,-3.536299020890342,1,24.0,0.0006454169997596182,38.0,0.0006360830011544749,38.0,0.0031357499974546954,38.0,0.040022917004534975,False,38.0,0.5565907080017496,38.0,0,1
barabasi_albert,20,14,51,20,51,0.26842105263157895,5.1,10,3,2.3853720883753127,0.29115079365079366,3,1.8473684210526315,1.8794571346208198,11.913628850377027,1.8794571346208198,6.002077124097006,-4.099643750892901,1,25.0,0.0006466670020017773,35.0,0.007242416999361012,40.0,0.007252957999298815,40.0,0.05262220800068462,False,40.0,0.4022412499980419,40.0,0,1
barabasi_albert,20,15,51,20,51,0.26842105263157895,5.1,13,1,2.913760456866693,0.4398501498501498,3,1.8368421052631578,0.9609163198948146,14.273939375599317,0.9609163198948146,6.364358221229848,-3.2146579774828385,1,25.0,0.0006359580002026632,34.0,0.0006283330003498122,35.0,0.007097749999957159,38.0,0.052083750000747386,False,37.0,0.34427750000031665,38.0,0,0
barabasi_albert,20,16,51,20,51,0.26842105263157895,5.1,13,3,2.662705391138869,0.4446062271062271,3,1.8736842105263158,1.5485913991175309,14.14019271400347,1.5485913991175309,6.249736594468095,-3.373848241176772,1,17.0,0.001040667004417628,36.0,0.002740584001003299,36.0,0.0026509590024943464,38.0,0.04406662499968661,False,37.0,0.3059213329979684,38.0,0,0
barabasi_albert,20,17,51,20,51,0.26842105263157895,5.1,11,1,2.7367864366808017,0.2898232323232323,3,1.8578947368421053,0.9423439598356232,12.81336793563085,0.9423439598356232,6.282706688906144,-3.9486869686926336,1,24.0,0.0004813750056200661,37.0,0.0009529579983791336,40.0,0.0017071660040528513,40.0,0.037911375002295244,False,40.0,0.5453017920008278,40.0,0,1
barabasi_albert,20,18,51,20,51,0.26842105263157895,5.1,11,3,2.2561028345356955,0.39234487734487733,4,1.868421052631579,1.5884764201982864,12.543169984157965,1.5884764201982864,5.882526695473899,-3.752985011084203,1,26.0,0.0004922079970128834,38.0,0.0005552500006160699,38.0,0.009529000002657995,39.0,0.04103891699924134,False,39.0,0.4564625829953002,39.0,0,1
barabasi_albert,20,19,51,20,51,0.26842105263157895,5.1,13,1,2.754995462791182,0.3554456654456654,3,1.8578947368421053,0.8660796754014102,14.138714705922983,0.8660796754014102,6.308657364227857,-3.511943005188995,1,23.0,0.000662500002363231,38.0,0.0008850840022205375,39.0,0.004055582998262253,39.0,0.055884166999021545,False,39.0,0.4750678330019582,39.0,0,1
barabasi_albert,20,20,51,20,51,0.26842105263157895,5.1,15,2,2.930870177950569,0.4826587301587302,3,1.8210526315789475,1.4824446505537061,16.091634272243788,1.4824446505537061,6.327563406490125,-3.5184274917644354,1,27.0,0.0005252079936326481,34.0,0.0011191660014446825,37.0,0.0026973329950124025,38.0,0.053262458997778594,False,38.0,0.6341148330029682,38.0,0,1
barabasi_albert,20,21,51,20,51,0.26842105263157895,5.1,12,2,2.808914381037628,0.4348232323232323,3,1.8789473684210527,1.699679657042211,13.321905286689535,1.699679657042211,6.3059586794786515,-3.6553281291132493,1,27.0,0.00046308300079545006,38.0,0.0007534169999416918,39.0,0.0012160000042058527,40.0,0.06169512499764096,False,40.0,0.6213792089984054,40.0,0,1
barabasi_albert,20,22,51,20,51,0.26842105263157895,5.1,11,2,2.662705391138869,0.3730844155844156,3,1.8894736842105264,1.4435881713210619,12.609952560251033,1.4435881713210619,6.23599908412364,-3.4820076813001277,1,27.0,0.0005096659951959737,38.0,0.0007996659987838939,38.0,0.0014466669963439927,39.0,0.0724499999996624,False,38.0,0.8644138340023346,39.0,0,0
barabasi_albert,20,23,51,20,51,0.26842105263157895,5.1,11,3,2.2561028345356955,0.3583658008658009,3,1.8736842105263158,1.7946135034205088,12.513988676487402,1.7946135034205088,5.9203426358127444,-3.4634484450191296,1,24.0,0.006915124999068212,35.0,0.002076749995467253,37.0,0.0027428750036051497,39.0,0.03728587499790592,False,37.0,0.4558282920042984,39.0,0,0
barabasi_albert,20,24,51,20,51,0.26842105263157895,5.1,12,2,2.826658805020514,0.3417821067821068,3,1.831578947368421,1.342131118695782,13.45250638245452,1.342131118695782,6.257520372695524,-3.830482170722266,1,28.0,0.0005280830009724014,36.0,0.0011983750009676442,39.0,0.0035475000040605664,40.0,0.05407770899910247,False,39.0,0.5587645419946057,40.0,0,0
barabasi_albert,20,25,51,20,51,0.26842105263157895,5.1,13,3,2.6057628441590763,0.39328338328338325,3,1.8789473684210527,1.4108265212091047,14.171148966422093,1.4108265212091047,6.198076991797161,-3.5322665964319597,1,26.0,0.0011219590014661662,38.0,0.0030580829989048652,38.0,0.004324250003264751,38.0,0.04868445800093468,False,38.0,0.5822684170052526,38.0,0,1
barabasi_albert,20,26,51,20,51,0.26842105263157895,5.1,13,3,2.3430749027719964,0.3118131868131868,3,1.8210526315789475,1.5334550285735664,14.254432244283342,1.5334550285735664,5.890308710542119,-4.070718623109496,1,28.0,0.0006505830024252646,39.0,0.0006243329989956692,37.0,0.001487333000113722,39.0,0.03669491699838545,False,39.0,0.548207583000476,39.0,0,1
barabasi_albert,20,27,51,20,51,0.26842105263157895,5.1,14,3,2.8442925306655784,0.4097985347985348,3,1.8368421052631578,1.532549644514517,15.165339440271742,1.532549644514517,6.3138178862323375,-3.4446720217030053,1,10.0,0.0004130420056753792,36.0,0.0005380830043577589,37.0,0.007822083003702573,38.0,0.049480958994536195,False,37.0,0.7944968749943655,38.0,0,0
barabasi_albert,20,28,51,20,51,0.26842105263157895,5.1,11,2,2.4879710609249455,0.32784992784992784,3,1.8526315789473684,1.766785290488039,12.501003728074375,1.766785290488039,6.073108991740753,-3.613193212950777,1,29.0,0.0008441249956376851,39.0,0.0014392080047400668,34.0,0.0019969159984611906,39.0,0.046966292000433896,False,36.0,0.807135166003718,39.0,0,0
barabasi_albert,20,29,51,20,51,0.26842105263157895,5.1,8,3,1.8138357147217055,0.26940476190476187,3,1.9105263157894736,1.4261552608437316,11.019878713442086,1.4261552608437316,5.720584255992522,-4.103053356236273,1,30.0,0.0004991250025341287,39.0,0.01645983300113585,40.0,0.0048417919970233925,40.0,0.05200137499923585,False,40.0,0.9332682079984806,40.0,0,1
watts_strogatz,20,0,60,20,60,0.3157894736842105,6.0,7,5,0.6324555320336759,0.4473809523809524,3,1.8421052631578947,1.5899543871930064,9.513827449679354,1.5899543871930064,6.067461184615722,-3.2337760860417677,1,33.0,0.0006848749981145374,40.0,0.0007349169973167591,44.0,0.010120541002834216,44.0,0.06610812500002794,False,44.0,0.9400281249982072,44.0,0,1
watts_strogatz,20,1,60,20,60,0.3157894736842105,6.0,8,5,0.7745966692414834,0.48654761904761906,4,1.9105263157894736,1.498839280391921,9.672560981674897,1.498839280391921,6.090103939851915,-3.046606290020806,1,38.0,0.0010210830005235039,39.0,0.0008331249991897494,41.0,0.005535208001674619,42.0,0.08443270799762104,False,42.0,1.1167648330010707,42.0,0,1
watts_strogatz,20,2,60,20,60,0.3157894736842105,6.0,7,5,0.5477225575051661,0.5352380952380952,3,1.9421052631578948,1.4136489702608828,9.281677504093434,1.4136489702608828,6.047743624264106,-2.9073344881646332,1,28.0,0.00048595800035400316,41.0,0.0013617500007967465,39.0,0.0017854589968919754,42.0,0.05776179199892795,False,39.0,1.0639582500007236,42.0,0,0
watts_strogatz,20,3,60,20,60,0.3157894736842105,6.0,7,5,0.5477225575051661,0.5147619047619048,4,2.0,1.2222962901876313,9.760622700053284,1.2222962901876313,6.059025748539834,-3.3140973549771986,1,28.0,0.001977874999283813,37.0,0.0016448329988634214,41.0,0.005224167005508207,42.0,0.04176095799630275,False,41.0,0.605114500001946,42.0,0,0
watts_strogatz,20,4,60,20,60,0.3157894736842105,6.0,9,5,0.8366600265340756,0.5473015873015873,4,1.9789473684210526,1.347889819621981,10.421445540369223,1.347889819621981,6.11636671211184,-2.888750627275948,1,33.0,0.0005523340005311184,41.0,0.000657291995594278,39.0,0.0014647909993072972,41.0,0.039083791998564266,False,39.0,0.4009608330015908,41.0,0,0
watts_strogatz,20,5,60,20,60,0.3157894736842105,6.0,7,5,0.7071067811865476,0.49857142857142855,4,1.9473684210526316,1.3579831560234896,9.479126626230288,1.3579831560234896,6.116198243701726,-3.062112484210947,1,34.0,0.0005025409991503693,40.0,0.0006722499965690076,42.0,0.0013671250053448603,42.0,0.05158591600047657,False,42.0,0.8021955830045044,42.0,0,1
watts_strogatz,20,6,60,20,60,0.3157894736842105,6.0,7,5,0.4472135954999579,0.5411904761904761,4,2.026315789473684,1.2418650225703756,9.401719628538814,1.2418650225703756,6.030075061415357,-3.1542510211043733,1,26.0,0.000516042004164774,35.0,0.001843166995968204,42.0,0.002384167004493065,42.0,0.04434933300217381,False,42.0,0.9091449589977856,42.0,0,1
watts_strogatz,20,7,60,20,60,0.3157894736842105,6.0,7,5,0.6324555320336759,0.4711904761904762,3,1.9052631578947368,1.5463869170768765,9.166104877278064,1.5463869170768765,6.108335033893668,-3.036017478190799,1,33.0,0.0005134579987498,40.0,0.00321175000135554,41.0,0.002802249997330364,42.0,0.06447679200209677,False,41.0,0.6013957919931272,42.0,0,0
watts_strogatz,20,8,60,20,60,0.3157894736842105,6.0,7,5,0.6324555320336759,0.4821428571428571,3,1.868421052631579,1.6829873042562695,9.790482400724953,1.6829873042562695,6.078875771898536,-3.3595810651037623,1,30.0,0.003342834002978634,38.0,0.0010387500005890615,43.0,0.0020453340039239265,43.0,0.03742812499694992,False,43.0,0.7801589169976069,43.0,0,1
watts_strogatz,20,9,60,20,60,0.3157894736842105,6.0,7,5,0.5477225575051661,0.5126190476190475,4,1.9473684210526316,1.445672399360142,9.259848607579993,1.445672399360142,6.046382383372563,-2.9155613442015778,1,32.0,0.0006151670022518374,37.0,0.005732416997489054,42.0,0.004778583999723196,42.0,0.04515237500163494,False,42.0,0.48809849999815924,42.0,0,1
watts_strogatz,20,10,60,20,60,0.3157894736842105,6.0,7,4,0.8366600265340756,0.4530952380952381,4,1.9052631578947368,1.535186473868237,9.656849142188793,1.535186473868237,6.152966690279453,-3.138179084978463,1,22.0,0.0005168749994481914,42.0,0.0008208750004996546,41.0,0.005517707999388222,42.0,0.08508691700262716,False,42.0,0.7128014170011738,42.0,0,1
watts_strogatz,20,11,60,20,60,0.3157894736842105,6.0,8,4,0.8366600265340756,0.5435714285714286,4,1.9631578947368422,1.157925002539646,10.040296217894998,1.157925002539646,6.1196579656911085,-3.12039517519498,1,26.0,0.0006745840000803582,39.0,0.0007880420016590506,40.0,0.002562707995821256,42.0,0.06343000000197208,False,40.0,0.9355072920006933,42.0,0,0
watts_strogatz,20,12,60,20,60,0.3157894736842105,6.0,7,5,0.5477225575051661,0.4738095238095238,3,1.8789473684210527,1.7126444206672216,9.251396699560022,1.7126444206672216,6.050475248321973,-3.0166919490459,1,35.0,0.0006260419977479614,39.0,0.0015018330013845116,40.0,0.0021391670015873387,42.0,0.08670499999425374,False,42.0,0.8713720829982776,42.0,0,1
watts_strogatz,20,13,60,20,60,0.3157894736842105,6.0,8,4,0.8944271909999159,0.46416666666666667,4,1.8578947368421053,1.580091213151957,9.802068511364972,1.580091213151957,6.144057311978993,-3.134718996742084,1,28.0,0.0004983340040780604,42.0,0.000781167000241112,42.0,0.0046346669987542555,42.0,0.05804233300295891,False,42.0,0.6402462080004625,42.0,0,1
watts_strogatz,20,14,60,20,60,0.3157894736842105,6.0,8,5,0.7745966692414834,0.4091666666666667,3,1.8421052631578947,1.7493813663233246,9.985926497449276,1.7493813663233246,6.1009048024560535,-3.572566414143006,1,31.0,0.0004458339972188696,40.0,0.0010852079940377735,45.0,0.0015960420059855096,45.0,0.037674833001801744,False,45.0,0.7328762079996523,45.0,0,1
watts_strogatz,20,15,60,20,60,0.3157894736842105,6.0,9,4,1.0,0.5160714285714285,3,1.8894736842105264,1.5558045998568746,10.417749005893576,1.5558045998568746,6.186100068024189,-3.056506319641881,1,34.0,0.0007131250022212043,38.0,0.0014036659995326772,40.0,0.0018077080021612346,43.0,0.06347804200049723,False,40.0,0.3115604579943465,43.0,0,0
watts_strogatz,20,16,60,20,60,0.3157894736842105,6.0,7,4,0.9486832980505138,0.3326190476190476,3,1.7894736842105263,2.037283680609697,9.9616582021222,2.037283680609697,6.189988654990564,-3.714316628913907,1,27.0,0.0006823749936302193,42.0,0.0014997079997556284,44.0,0.0014801670040469617,44.0,0.08027662499807775,False,44.0,0.4974077080041752,44.0,0,1
watts_strogatz,20,17,60,20,60,0.3157894736842105,6.0,7,5,0.6324555320336759,0.49452380952380953,4,1.9421052631578948,1.5204401022225658,9.540166166969989,1.5204401022225658,6.0620807190345145,-3.0340695709722674,1,21.0,0.0005270830006338656,39.0,0.004538374996627681,39.0,0.002089457993861288,42.0,0.05070625000371365,False,42.0,0.9679272499997751,42.0,0,1
watts_strogatz,20,18,60,20,60,0.3157894736842105,6.0,8,5,0.7071067811865476,0.5678571428571428,4,2.0052631578947366,1.2696998962409545,9.895731684786936,1.2696998962409545,6.104473555960047,-2.9122186989630965,1,28.0,0.0005614580004476011,39.0,0.000679584001773037,41.0,0.00563125000189757,41.0,0.05114879200118594,False,41.0,0.5351985839952249,41.0,0,1
watts_strogatz,20,19,60,20,60,0.3157894736842105,6.0,7,5,0.5477225575051661,0.5504761904761905,4,2.0,1.3021962913593197,9.373536193862902,1.3021962913593197,6.071390697224874,-3.240958797277913,1,21.0,0.0005030829997849651,41.0,0.0011024580016965047,43.0,0.01296225000260165,44.0,0.07804670900077326,False,44.0,0.7268242920035846,44.0,0,1
watts_strogatz,20,20,60,20,60,0.3157894736842105,6.0,7,4,0.7745966692414834,0.4883333333333333,4,1.9157894736842105,1.491741174361643,9.517387397636853,1.491741174361643,6.119635268561947,-3.2971075468145,1,30.0,0.0004778340007760562,41.0,0.0017359999983455054,42.0,0.0018580420000944287,43.0,0.051572291005868465,False,43.0,0.537200708000455,43.0,0,1
watts_strogatz,20,21,60,20,60,0.3157894736842105,6.0,8,5,0.6324555320336759,0.5170238095238096,4,1.9526315789473685,1.4563107616081363,9.78654714626163,1.4563107616081363,6.073946077802333,-2.9718710978593954,1,34.0,0.0004719579956145026,37.0,0.0010249170009046793,40.0,0.0013301660001161508,42.0,0.046534665998478886,False,40.0,0.7322489169964683,42.0,0,0
watts_strogatz,20,22,60,20,60,0.3157894736842105,6.0,7,5,0.5477225575051661,0.5226190476190476,4,1.9631578947368422,1.332760852083771,9.127833648537965,1.332760852083771,6.050707995704594,-2.823289914208472,1,29.0,0.0004616660007741302,40.0,0.0006677499986835755,41.0,0.003047915997740347,41.0,0.047433166997507215,False,41.0,0.7805786659955629,41.0,0,1
watts_strogatz,20,23,60,20,60,0.3157894736842105,6.0,7,5,0.7071067811865476,0.508095238095238,4,1.9263157894736842,1.3088260746025804,9.476756544900015,1.3088260746025804,6.083828230411449,-3.1834983903434857,1,25.0,0.0006754999994882382,39.0,0.0012348749951343052,43.0,0.002455750000081025,43.0,0.05139295900153229,False,43.0,0.8551991659987834,43.0,0,1
watts_strogatz,20,24,60,20,60,0.3157894736842105,6.0,7,5,0.6324555320336759,0.49714285714285716,3,1.9105263157894736,1.571426201867272,9.269917844396824,1.571426201867272,6.083393008728157,-3.028243215192812,1,30.0,0.006381874998623971,39.0,0.0011251670002820902,40.0,0.0017215409970958717,41.0,0.04914883300079964,False,41.0,0.7679446669935714,41.0,0,1
watts_strogatz,20,25,60,20,60,0.3157894736842105,6.0,7,5,0.4472135954999579,0.5185714285714286,4,1.9894736842105263,1.2408700500408087,9.118234141422024,1.2408700500408087,6.03277536853842,-3.0438561519050933,1,21.0,0.00046512499829987064,39.0,0.0007165419956436381,41.0,0.0012947080031153746,42.0,0.052350417005072813,False,41.0,1.3158612080005696,42.0,0,0
watts_strogatz,20,26,60,20,60,0.3157894736842105,6.0,8,4,1.0488088481701516,0.3820238095238095,3,1.8105263157894738,1.6321273744686686,10.404404399065063,1.6321273744686686,6.201640186049043,-3.286277458968125,1,29.0,0.000516125001013279,40.0,0.0011211669989279471,40.0,0.0017125000013038516,43.0,0.09160095800325507,False,43.0,0.7417203750010231,43.0,0,1
watts_strogatz,20,27,60,20,60,0.3157894736842105,6.0,7,4,0.6324555320336759,0.5654761904761905,4,1.9947368421052631,1.1450590389972346,9.136082470912964,1.1450590389972346,6.098548879255579,-2.7886630943078683,1,17.0,0.002875625003071036,37.0,0.0007787080030539073,41.0,0.0018457080004736781,41.0,0.051000250001379754,False,41.0,1.3120035419997294,41.0,0,1
watts_strogatz,20,28,60,20,60,0.3157894736842105,6.0,7,4,0.8366600265340756,0.464047619047619,3,1.8894736842105264,1.3950447145125753,9.548686968553067,1.3950447145125753,6.129734777554925,-3.160609476641871,1,37.0,0.0015468749988940544,42.0,0.009691040999314282,41.0,0.003773625001485925,42.0,0.11013516599632567,False,42.0,0.9044110000031651,42.0,0,1
watts_strogatz,20,29,60,20,60,0.3157894736842105,6.0,7,5,0.4472135954999579,0.5195238095238095,3,1.9105263157894736,1.4540761446641681,9.086237859771684,1.4540761446641681,6.0544231151194605,-2.898396955156183,1,28.0,0.0012886670010630041,40.0,0.0031671670003561303,41.0,0.00759558300342178,41.0,0.05508204199577449,False,41.0,1.0598744579983759,41.0,0,1
