family,n,instance,m,rand_nols,rand_ls,spectral_norefine,gw_plus_ls,sdp_bound,exact_opt,gnn_nols,gnn_ls,greedy,spectral,gw
erdos_renyi,20,0,25,11.0,22.0,22.0,22.0,22.471511768838308,22.0,22.0,22.0,20.0,22.0,22.0
erdos_renyi,20,1,27,14.0,23.0,24.0,24.0,24.745937917464886,24.0,21.0,24.0,21.0,24.0,24.0
erdos_renyi,20,2,37,17.0,27.0,26.0,29.0,30.567826736891682,29.0,29.0,29.0,29.0,28.0,29.0
erdos_renyi,20,3,22,9.0,19.0,21.0,21.0,21.204450668922405,21.0,20.0,20.0,18.0,21.0,21.0
erdos_renyi,20,4,39,18.0,34.0,30.0,34.0,34.00128378636189,34.0,34.0,34.0,33.0,33.0,34.0
erdos_renyi,20,5,30,17.0,25.0,25.0,25.0,26.299089052487233,25.0,25.0,25.0,25.0,25.0,25.0
erdos_renyi,20,6,27,18.0,22.0,20.0,23.0,24.047181862604486,23.0,23.0,23.0,23.0,23.0,23.0
erdos_renyi,20,7,21,13.0,18.0,19.0,20.0,20.21691900530979,20.0,19.0,19.0,18.0,19.0,20.0
erdos_renyi,20,8,24,9.0,20.0,20.0,22.0,22.1271398260661,22.0,21.0,21.0,21.0,21.0,22.0
erdos_renyi,20,9,28,14.0,21.0,22.0,23.0,23.771841256040677,23.0,22.0,22.0,22.0,22.0,23.0
erdos_renyi,20,10,39,18.0,30.0,23.0,32.0,33.053933642973774,32.0,29.0,30.0,32.0,32.0,32.0
erdos_renyi,20,11,28,15.0,21.0,22.0,23.0,23.733713332889995,23.0,23.0,23.0,20.0,23.0,23.0
erdos_renyi,20,12,26,13.0,21.0,22.0,23.0,23.598591635551372,23.0,22.0,23.0,22.0,23.0,23.0
erdos_renyi,20,13,23,12.0,20.0,21.0,22.0,22.194908808944188,22.0,20.0,20.0,19.0,21.0,22.0
erdos_renyi,20,14,30,16.0,27.0,27.0,27.0,27.917058238457876,27.0,27.0,27.0,27.0,27.0,27.0
erdos_renyi,20,15,23,11.0,19.0,21.0,22.0,22.03281760463719,22.0,21.0,21.0,18.0,22.0,22.0
erdos_renyi,20,16,26,11.0,23.0,23.0,23.0,23.76202150473361,23.0,23.0,23.0,19.0,23.0,23.0
erdos_renyi,20,17,27,14.0,20.0,21.0,23.0,24.388990542102775,23.0,23.0,23.0,22.0,22.0,23.0
erdos_renyi,20,18,35,17.0,25.0,26.0,29.0,30.303293587892316,29.0,27.0,28.0,28.0,28.0,29.0
erdos_renyi,20,19,24,14.0,19.0,21.0,22.0,22.52172872528096,22.0,20.0,21.0,21.0,22.0,22.0
erdos_renyi,20,20,38,24.0,29.0,26.0,29.0,30.906039715252582,29.0,29.0,29.0,26.0,28.0,29.0
erdos_renyi,20,21,26,12.0,19.0,21.0,22.0,22.80079512967648,22.0,17.0,22.0,19.0,21.0,22.0
erdos_renyi,20,22,37,21.0,29.0,27.0,30.0,30.936055804529477,30.0,28.0,28.0,30.0,28.0,30.0
erdos_renyi,20,23,27,12.0,21.0,21.0,24.0,24.432310088353177,24.0,23.0,23.0,22.0,22.0,24.0
erdos_renyi,20,24,32,19.0,23.0,25.0,27.0,27.90032428209288,27.0,27.0,27.0,24.0,25.0,27.0
erdos_renyi,20,25,32,13.0,25.0,26.0,28.0,28.714895274186365,28.0,26.0,26.0,27.0,26.0,28.0
erdos_renyi,20,26,24,10.0,22.0,19.0,22.0,22.704842369715834,22.0,21.0,21.0,20.0,20.0,22.0
erdos_renyi,20,27,22,18.0,20.0,19.0,21.0,21.050099766453734,21.0,20.0,20.0,19.0,21.0,21.0
erdos_renyi,20,28,32,13.0,22.0,25.0,27.0,27.643440752304,27.0,27.0,27.0,23.0,26.0,27.0
erdos_renyi,20,29,30,18.0,26.0,26.0,27.0,27.716306445733093,27.0,27.0,27.0,24.0,27.0,27.0
erdos_renyi,50,0,183,85.0,132.0,117.0,136.0,141.54691549436058,,135.0,135.0,126.0,130.0,135.0
erdos_renyi,50,1,174,86.0,127.0,120.0,131.0,137.7852829150741,,130.0,131.0,120.0,129.0,131.0
erdos_renyi,50,2,214,101.0,147.0,124.0,154.0,161.36087226585545,,150.0,147.0,140.0,146.0,154.0
erdos_renyi,50,3,163,82.0,121.0,102.0,124.0,130.05037932815034,,123.0,123.0,115.0,120.0,123.0
erdos_renyi,50,4,179,98.0,124.0,119.0,132.0,139.35741227287525,,130.0,131.0,124.0,126.0,132.0
erdos_renyi,50,5,189,107.0,123.0,117.0,140.0,145.84464484550512,,132.0,135.0,125.0,137.0,140.0
erdos_renyi,50,6,200,106.0,142.0,135.0,146.0,152.82040058170477,,146.0,146.0,137.0,143.0,146.0
erdos_renyi,50,7,179,88.0,125.0,121.0,131.0,139.89074750629408,,128.0,129.0,128.0,125.0,131.0
erdos_renyi,50,8,168,60.0,115.0,105.0,124.0,130.43692112853012,,124.0,124.0,120.0,118.0,124.0
erdos_renyi,50,9,182,79.0,131.0,124.0,135.0,143.333535426777,,134.0,134.0,131.0,132.0,135.0
erdos_renyi,50,10,182,82.0,131.0,122.0,136.0,142.36050168159642,,128.0,133.0,127.0,135.0,136.0
erdos_renyi,50,11,167,84.0,119.0,121.0,124.0,132.20434589244118,,122.0,124.0,117.0,124.0,124.0
erdos_renyi,50,12,180,95.0,130.0,123.0,132.0,139.66128773173028,,124.0,126.0,123.0,125.0,132.0
erdos_renyi,50,13,177,89.0,123.0,111.0,134.0,138.53922389590332,,131.0,131.0,123.0,124.0,134.0
erdos_renyi,50,14,167,76.0,116.0,114.0,124.0,131.1354331789596,,124.0,124.0,120.0,122.0,124.0
erdos_renyi,50,15,201,97.0,145.0,142.0,151.0,155.5975887360897,,145.0,145.0,135.0,151.0,151.0
erdos_renyi,50,16,197,92.0,138.0,132.0,144.0,152.05342522048173,,142.0,142.0,140.0,143.0,144.0
erdos_renyi,50,17,178,75.0,125.0,116.0,132.0,138.32717382365237,,125.0,125.0,120.0,122.0,132.0
erdos_renyi,50,18,210,94.0,142.0,123.0,151.0,157.37330951269848,,149.0,150.0,148.0,137.0,151.0
erdos_renyi,50,19,188,94.0,130.0,105.0,139.0,144.96367055546602,,139.0,139.0,125.0,135.0,139.0
erdos_renyi,50,20,212,100.0,147.0,134.0,155.0,160.84160783596036,,153.0,153.0,139.0,146.0,155.0
erdos_renyi,50,21,169,96.0,125.0,108.0,127.0,132.79576900592684,,116.0,120.0,119.0,123.0,126.0
erdos_renyi,50,22,186,90.0,131.0,121.0,137.0,144.27143636134196,,131.0,134.0,130.0,134.0,136.0
erdos_renyi,50,23,163,85.0,113.0,106.0,125.0,129.66764896347615,,119.0,122.0,113.0,120.0,124.0
erdos_renyi,50,24,185,101.0,129.0,122.0,142.0,147.92488669633386,,142.0,142.0,125.0,131.0,142.0
erdos_renyi,50,25,190,94.0,131.0,130.0,141.0,146.21188459156338,,134.0,135.0,136.0,134.0,141.0
erdos_renyi,50,26,169,87.0,122.0,110.0,130.0,134.62190286590277,,130.0,130.0,120.0,126.0,130.0
erdos_renyi,50,27,156,73.0,113.0,108.0,119.0,124.47022105053043,,118.0,118.0,118.0,117.0,118.0
erdos_renyi,50,28,164,75.0,127.0,113.0,127.0,132.46580344993197,,124.0,124.0,118.0,118.0,127.0
erdos_renyi,50,29,181,94.0,124.0,120.0,135.0,141.38492291976735,,126.0,131.0,130.0,129.0,134.0
erdos_renyi,100,0,732,372.0,461.0,472.0,488.0,513.3968686864696,,488.0,490.0,468.0,485.0,488.0
erdos_renyi,100,1,751,394.0,491.0,465.0,503.0,530.1177504936403,,495.0,496.0,492.0,492.0,500.0
erdos_renyi,100,2,816,414.0,521.0,469.0,540.0,565.5875770488785,,532.0,532.0,525.0,526.0,539.0
erdos_renyi,100,3,691,361.0,443.0,396.0,474.0,496.8402323775858,,469.0,469.0,449.0,462.0,468.0
erdos_renyi,100,4,732,392.0,471.0,442.0,491.0,520.3018199042469,,492.0,492.0,476.0,479.0,491.0
erdos_renyi,100,5,697,337.0,474.0,385.0,482.0,500.3422434042716,,479.0,479.0,464.0,454.0,482.0
erdos_renyi,100,6,766,367.0,507.0,456.0,513.0,539.5597774324135,,511.0,511.0,493.0,502.0,509.0
erdos_renyi,100,7,751,389.0,485.0,462.0,506.0,532.9322385039004,,504.0,504.0,469.0,500.0,504.0
erdos_renyi,100,8,721,366.0,472.0,444.0,482.0,512.2446934934007,,472.0,472.0,465.0,477.0,480.0
erdos_renyi,100,9,783,396.0,510.0,419.0,519.0,548.0431942194941,,518.0,516.0,506.0,494.0,515.0
erdos_renyi,100,10,752,375.0,476.0,447.0,502.0,528.1468725764045,,492.0,492.0,494.0,493.0,498.0
erdos_renyi,100,11,697,359.0,444.0,424.0,474.0,500.58451954833686,,469.0,471.0,465.0,460.0,473.0
erdos_renyi,100,12,745,367.0,459.0,457.0,510.0,526.0559855790539,,486.0,492.0,478.0,501.0,510.0
erdos_renyi,100,13,730,340.0,465.0,425.0,485.0,515.3917991464116,,484.0,489.0,468.0,485.0,483.0
erdos_renyi,100,14,746,378.0,479.0,453.0,503.0,528.3415430153334,,490.0,493.0,483.0,493.0,495.0
erdos_renyi,100,15,725,368.0,473.0,389.0,490.0,513.0697178730495,,486.0,489.0,478.0,476.0,487.0
erdos_renyi,100,16,776,405.0,496.0,470.0,519.0,544.185597130187,,507.0,513.0,487.0,497.0,516.0
erdos_renyi,100,17,743,379.0,491.0,461.0,502.0,526.9182198064451,,483.0,496.0,489.0,494.0,499.0
erdos_renyi,100,18,805,400.0,508.0,478.0,533.0,558.9726880681018,,533.0,533.0,520.0,523.0,529.0
erdos_renyi,100,19,737,380.0,479.0,419.0,496.0,519.4053509539156,,483.0,487.0,476.0,493.0,492.0
erdos_renyi,100,20,754,388.0,499.0,480.0,514.0,537.1789023139665,,498.0,510.0,492.0,508.0,511.0
erdos_renyi,100,21,700,339.0,433.0,363.0,470.0,498.70926248599244,,468.0,473.0,452.0,467.0,470.0
erdos_renyi,100,22,768,366.0,504.0,469.0,513.0,541.5745865156046,,514.0,514.0,497.0,500.0,512.0
erdos_renyi,100,23,733,388.0,492.0,451.0,504.0,520.1883592987579,,472.0,479.0,472.0,484.0,498.0
erdos_renyi,100,24,754,358.0,491.0,411.0,506.0,532.7670853194413,,491.0,494.0,490.0,484.0,501.0
erdos_renyi,100,25,745,361.0,491.0,443.0,504.0,526.6293818593078,,500.0,500.0,491.0,486.0,500.0
erdos_renyi,100,26,729,370.0,472.0,440.0,502.0,522.3754969257627,,483.0,484.0,483.0,491.0,499.0
erdos_renyi,100,27,751,385.0,487.0,446.0,501.0,526.8871220360181,,484.0,498.0,485.0,482.0,496.0
erdos_renyi,100,28,794,394.0,516.0,460.0,527.0,552.3200202528715,,512.0,516.0,521.0,510.0,523.0
erdos_renyi,100,29,746,378.0,477.0,477.0,501.0,526.578223639028,,495.0,496.0,469.0,494.0,499.0
erdos_renyi,200,0,2934,1424.0,1788.0,1719.0,1832.0,1909.853681427685,,1771.0,1796.0,1790.0,1819.0,1806.0
erdos_renyi,200,1,2989,1536.0,1823.0,1628.0,1846.0,1940.9184893527436,,1821.0,1831.0,1809.0,1836.0,1828.0
erdos_renyi,200,2,3137,1590.0,1887.0,1756.0,1931.0,2019.153563550869,,1878.0,1918.0,1891.0,1896.0,1908.0
erdos_renyi,200,3,2831,1421.0,1732.0,1596.0,1771.0,1862.9192173800438,,1753.0,1765.0,1737.0,1757.0,1759.0
erdos_renyi,200,4,3034,1515.0,1815.0,1743.0,1887.0,1972.7177192526633,,1867.0,1871.0,1849.0,1855.0,1865.0
erdos_renyi,200,5,2944,1473.0,1794.0,1683.0,1843.0,1923.6242679389752,,1790.0,1827.0,1788.0,1818.0,1824.0
erdos_renyi,200,6,2997,1503.0,1795.0,1532.0,1858.0,1951.6838702119035,,1832.0,1843.0,1797.0,1829.0,1836.0
erdos_renyi,200,7,2971,1480.0,1823.0,1706.0,1863.0,1938.2433798751076,,1825.0,1840.0,1775.0,1833.0,1840.0
erdos_renyi,200,8,2912,1467.0,1775.0,1456.0,1815.0,1904.6054345526966,,1807.0,1812.0,1774.0,1797.0,1805.0
erdos_renyi,200,9,3042,1476.0,1831.0,1551.0,1895.0,1977.9363124981965,,1814.0,1847.0,1876.0,1839.0,1869.0
erdos_renyi,200,10,3006,1503.0,1804.0,1681.0,1867.0,1962.0116432905356,,1858.0,1866.0,1822.0,1844.0,1860.0
erdos_renyi,200,11,2916,1493.0,1781.0,1566.0,1830.0,1911.554612243325,,1756.0,1789.0,1786.0,1807.0,1811.0
erdos_renyi,200,12,2949,1482.0,1755.0,1698.0,1849.0,1927.8488063663222,,1819.0,1829.0,1794.0,1811.0,1827.0
erdos_renyi,200,13,2914,1482.0,1786.0,1677.0,1824.0,1905.045711432504,,1787.0,1806.0,1774.0,1784.0,1803.0
erdos_renyi,200,14,3034,1490.0,1844.0,1697.0,1878.0,1969.9765604837417,,1831.0,1853.0,1843.0,1850.0,1861.0
erdos_renyi,200,15,3007,1515.0,1838.0,1726.0,1870.0,1951.7954524359604,,1823.0,1837.0,1810.0,1847.0,1847.0
erdos_renyi,200,16,3026,1530.0,1828.0,1582.0,1861.0,1963.6927279869883,,1824.0,1853.0,1811.0,1847.0,1853.0
erdos_renyi,200,17,3072,1523.0,1839.0,1761.0,1911.0,1986.4457123357129,,1875.0,1886.0,1873.0,1875.0,1890.0
erdos_renyi,200,18,3133,1548.0,1905.0,1734.0,1945.0,2030.8885430088967,,1908.0,1935.0,1901.0,1928.0,1934.0
erdos_renyi,200,19,2997,1436.0,1825.0,1710.0,1884.0,1957.6216239002824,,1872.0,1877.0,1804.0,1852.0,1859.0
erdos_renyi,200,20,2954,1429.0,1778.0,1668.0,1834.0,1916.6113973785564,,1814.0,1821.0,1801.0,1798.0,1816.0
erdos_renyi,200,21,2842,1357.0,1751.0,1390.0,1795.0,1867.8374951205878,,1728.0,1762.0,1731.0,1766.0,1790.0
erdos_renyi,200,22,2937,1491.0,1766.0,1679.0,1832.0,1913.600528673127,,1805.0,1812.0,1785.0,1811.0,1809.0
erdos_renyi,200,23,2999,1487.0,1816.0,1669.0,1863.0,1955.4142858988466,,1819.0,1855.0,1794.0,1846.0,1844.0
erdos_renyi,200,24,3047,1547.0,1837.0,1557.0,1884.0,1978.5494637768702,,1855.0,1876.0,1835.0,1849.0,1872.0
erdos_renyi,200,25,3031,1521.0,1838.0,1565.0,1879.0,1964.038216229087,,1827.0,1847.0,1859.0,1850.0,1862.0
erdos_renyi,200,26,2948,1464.0,1801.0,1657.0,1828.0,1920.6598981051002,,1802.0,1813.0,1793.0,1812.0,1819.0
erdos_renyi,200,27,2953,1491.0,1799.0,1729.0,1870.0,1930.774250328331,,1843.0,1850.0,1786.0,1827.0,1851.0
erdos_renyi,200,28,2981,1535.0,1807.0,1587.0,1868.0,1940.7241488901464,,1827.0,1836.0,1803.0,1800.0,1854.0
erdos_renyi,200,29,3017,1487.0,1856.0,1710.0,1869.0,1959.7798260586694,,1840.0,1854.0,1840.0,1831.0,1852.0
planted_partition,20,0,31,17.0,25.0,21.0,25.0,26.145248354835093,25.0,21.0,25.0,25.0,25.0,25.0
planted_partition,20,1,37,20.0,25.0,24.0,30.0,30.425951142960564,30.0,29.0,29.0,28.0,29.0,30.0
planted_partition,20,2,35,17.0,29.0,28.0,29.0,29.91942552827733,29.0,25.0,29.0,26.0,29.0,29.0
planted_partition,20,3,34,15.0,27.0,25.0,29.0,29.08690211774828,29.0,29.0,29.0,23.0,27.0,29.0
planted_partition,20,4,46,21.0,31.0,30.0,35.0,35.995359585958354,35.0,31.0,32.0,31.0,35.0,35.0
planted_partition,20,5,35,17.0,25.0,26.0,28.0,28.565428000146973,28.0,28.0,27.0,28.0,27.0,28.0
planted_partition,20,6,36,17.0,26.0,27.0,29.0,29.822542934535143,29.0,27.0,27.0,24.0,28.0,29.0
planted_partition,20,7,36,18.0,26.0,27.0,28.0,29.536140299395154,28.0,28.0,28.0,28.0,27.0,28.0
planted_partition,20,8,38,18.0,25.0,25.0,29.0,29.6846732436174,29.0,24.0,29.0,27.0,27.0,29.0
planted_partition,20,9,37,18.0,27.0,26.0,30.0,30.447162201954427,30.0,26.0,29.0,23.0,29.0,30.0
planted_partition,20,10,34,16.0,25.0,21.0,28.0,28.51508417840072,28.0,5.0,25.0,27.0,26.0,28.0
planted_partition,20,11,28,11.0,20.0,23.0,24.0,24.946606168962592,24.0,23.0,23.0,24.0,24.0,24.0
planted_partition,20,12,44,20.0,30.0,33.0,35.0,35.321255310342906,35.0,33.0,33.0,29.0,33.0,35.0
planted_partition,20,13,41,21.0,29.0,27.0,32.0,32.96488299312219,32.0,32.0,32.0,29.0,30.0,32.0
planted_partition,20,14,42,22.0,28.0,27.0,32.0,32.74199497771768,32.0,32.0,32.0,30.0,30.0,32.0
planted_partition,20,15,36,18.0,28.0,27.0,29.0,30.555622093135792,29.0,29.0,29.0,28.0,28.0,29.0
planted_partition,20,16,38,17.0,25.0,24.0,30.0,31.419303161115014,30.0,30.0,30.0,29.0,28.0,30.0
planted_partition,20,17,40,17.0,31.0,25.0,31.0,32.056295877120995,31.0,29.0,29.0,30.0,30.0,31.0
planted_partition,20,18,36,25.0,28.0,26.0,30.0,30.00078059267063,30.0,20.0,27.0,28.0,30.0,30.0
planted_partition,20,19,34,15.0,26.0,25.0,27.0,28.489783151603312,27.0,25.0,26.0,23.0,27.0,27.0
planted_partition,20,20,31,14.0,22.0,23.0,26.0,26.843611585416987,26.0,25.0,25.0,26.0,25.0,26.0
planted_partition,20,21,36,22.0,26.0,27.0,29.0,30.297625285634844,29.0,28.0,28.0,27.0,27.0,29.0
planted_partition,20,22,41,21.0,29.0,23.0,31.0,31.524606094644177,31.0,27.0,28.0,29.0,30.0,31.0
planted_partition,20,23,28,8.0,22.0,24.0,24.0,25.0282292573585,24.0,24.0,24.0,23.0,24.0,24.0
planted_partition,20,24,36,21.0,28.0,27.0,29.0,29.91965729142005,29.0,28.0,28.0,28.0,28.0,29.0
planted_partition,20,25,34,17.0,25.0,25.0,28.0,28.31784082020042,28.0,28.0,28.0,24.0,27.0,28.0
planted_partition,20,26,37,21.0,30.0,27.0,31.0,32.05859135514916,31.0,28.0,28.0,31.0,31.0,31.0
planted_partition,20,27,34,17.0,25.0,27.0,27.0,27.654813415026922,27.0,25.0,25.0,25.0,27.0,27.0
planted_partition,20,28,34,19.0,25.0,23.0,26.0,27.13095531670907,26.0,25.0,26.0,24.0,25.0,26.0
planted_partition,20,29,43,20.0,33.0,33.0,34.0,35.36536498025491,34.0,34.0,34.0,31.0,34.0,34.0
planted_partition,50,0,245,130.0,160.0,149.0,167.0,174.1277183114943,,163.0,164.0,159.0,162.0,165.0
planted_partition,50,1,232,118.0,149.0,133.0,160.0,166.92872034610411,,69.0,158.0,156.0,152.0,160.0
planted_partition,50,2,249,137.0,166.0,143.0,173.0,179.03899671822828,,165.0,164.0,168.0,161.0,173.0
planted_partition,50,3,241,114.0,155.0,126.0,167.0,172.94879700791606,,44.0,161.0,161.0,158.0,167.0
planted_partition,50,4,245,119.0,168.0,158.0,173.0,177.32571899008553,,169.0,172.0,165.0,172.0,172.0
planted_partition,50,5,242,117.0,151.0,154.0,168.0,172.99730185973647,,165.0,168.0,164.0,164.0,167.0
planted_partition,50,6,238,121.0,149.0,151.0,162.0,170.417662541491,,148.0,162.0,153.0,161.0,162.0
planted_partition,50,7,245,112.0,155.0,143.0,166.0,172.67558222941216,,164.0,164.0,162.0,164.0,165.0
planted_partition,50,8,229,118.0,154.0,154.0,164.0,167.92873668147172,,161.0,164.0,158.0,159.0,164.0
planted_partition,50,9,234,120.0,152.0,140.0,158.0,164.95355176521062,,120.0,155.0,154.0,156.0,158.0
planted_partition,50,10,219,103.0,152.0,125.0,152.0,159.2790262879679,,151.0,151.0,140.0,151.0,152.0
planted_partition,50,11,230,120.0,153.0,140.0,161.0,166.98929876057258,,151.0,155.0,146.0,156.0,161.0
planted_partition,50,12,247,119.0,161.0,152.0,170.0,176.3189339224717,,170.0,170.0,165.0,168.0,170.0
planted_partition,50,13,241,117.0,151.0,151.0,165.0,170.62092371801913,,161.0,163.0,158.0,155.0,165.0
planted_partition,50,14,229,111.0,153.0,147.0,159.0,165.1027487614703,,155.0,155.0,151.0,152.0,157.0
planted_partition,50,15,233,127.0,153.0,152.0,162.0,168.66847170754653,,143.0,158.0,156.0,159.0,162.0
planted_partition,50,16,248,128.0,163.0,127.0,170.0,174.5986308518277,,61.0,157.0,163.0,156.0,170.0
planted_partition,50,17,231,128.0,156.0,144.0,164.0,167.76582444261805,,159.0,163.0,150.0,156.0,164.0
planted_partition,50,18,261,143.0,167.0,168.0,178.0,183.9655091195566,,116.0,172.0,164.0,175.0,177.0
planted_partition,50,19,245,111.0,163.0,141.0,166.0,172.91666165446907,,152.0,166.0,157.0,162.0,166.0
planted_partition,50,20,219,111.0,143.0,127.0,151.0,157.64817170452946,,146.0,149.0,145.0,145.0,151.0
planted_partition,50,21,239,117.0,155.0,159.0,166.0,175.0531821109784,,167.0,167.0,164.0,163.0,166.0
planted_partition,50,22,249,125.0,164.0,155.0,172.0,176.8720855048744,,164.0,167.0,161.0,164.0,172.0
planted_partition,50,23,233,112.0,160.0,141.0,162.0,170.50903410427537,,125.0,160.0,154.0,156.0,162.0
planted_partition,50,24,241,113.0,163.0,139.0,169.0,174.43638927519828,,167.0,167.0,158.0,166.0,168.0
planted_partition,50,25,230,110.0,151.0,142.0,159.0,164.68121794145378,,99.0,153.0,156.0,149.0,159.0
planted_partition,50,26,242,119.0,159.0,140.0,171.0,175.6606850744651,,154.0,163.0,160.0,167.0,171.0
planted_partition,50,27,237,128.0,158.0,116.0,162.0,168.11435180712454,,158.0,161.0,155.0,159.0,162.0
planted_partition,50,28,253,116.0,165.0,147.0,171.0,177.74561256049964,,139.0,168.0,164.0,162.0,169.0
planted_partition,50,29,252,127.0,165.0,156.0,174.0,178.87724220955468,,172.0,172.0,172.0,170.0,173.0
planted_partition,100,0,942,478.0,578.0,524.0,600.0,622.8223133605732,,402.0,588.0,595.0,577.0,595.0
planted_partition,100,1,988,499.0,612.0,593.0,620.0,648.0275807991502,,354.0,612.0,604.0,620.0,616.0
planted_partition,100,2,996,492.0,604.0,574.0,625.0,649.1264576164439,,321.0,615.0,604.0,605.0,621.0
planted_partition,100,3,977,482.0,598.0,504.0,615.0,639.3917194393091,,245.0,603.0,595.0,598.0,612.0
planted_partition,100,4,998,505.0,617.0,550.0,627.0,651.750461187158,,267.0,618.0,615.0,617.0,625.0
planted_partition,100,5,976,473.0,608.0,547.0,620.0,643.8432208024024,,269.0,602.0,597.0,608.0,615.0
planted_partition,100,6,970,489.0,590.0,574.0,619.0,638.1510466604739,,203.0,591.0,610.0,612.0,614.0
planted_partition,100,7,964,453.0,585.0,557.0,607.0,633.1512689722447,,437.0,604.0,599.0,594.0,603.0
planted_partition,100,8,969,478.0,591.0,518.0,613.0,637.770357924936,,267.0,611.0,572.0,591.0,611.0
planted_partition,100,9,993,502.0,620.0,542.0,628.0,649.7753752463614,,423.0,610.0,595.0,612.0,622.0
planted_partition,100,10,980,509.0,591.0,568.0,616.0,638.5611630390266,,319.0,599.0,601.0,606.0,614.0
planted_partition,100,11,969,470.0,591.0,546.0,605.0,632.3770311136798,,483.0,601.0,587.0,586.0,604.0
planted_partition,100,12,951,476.0,583.0,526.0,597.0,623.4691374590044,,228.0,587.0,588.0,586.0,597.0
planted_partition,100,13,972,497.0,604.0,588.0,628.0,645.222313525197,,270.0,614.0,610.0,628.0,621.0
planted_partition,100,14,934,434.0,574.0,547.0,597.0,621.3251107833885,,591.0,595.0,585.0,585.0,595.0
planted_partition,100,15,1006,517.0,607.0,536.0,631.0,653.8737766691908,,621.0,626.0,601.0,617.0,626.0
planted_partition,100,16,1007,509.0,620.0,508.0,634.0,654.6436404576269,,263.0,606.0,607.0,612.0,628.0
planted_partition,100,17,966,481.0,593.0,550.0,608.0,632.3181020702386,,236.0,597.0,586.0,586.0,606.0
planted_partition,100,18,1009,509.0,611.0,589.0,636.0,656.2437011868466,,282.0,618.0,617.0,629.0,634.0
planted_partition,100,19,940,452.0,587.0,552.0,610.0,625.8567807497361,,251.0,602.0,583.0,589.0,608.0
planted_partition,100,20,988,510.0,600.0,572.0,627.0,646.3481872818961,,266.0,607.0,604.0,614.0,621.0
planted_partition,100,21,950,453.0,578.0,547.0,602.0,626.595755476182,,583.0,586.0,586.0,584.0,597.0
planted_partition,100,22,968,476.0,613.0,541.0,615.0,637.9909853899821,,239.0,602.0,597.0,595.0,612.0
planted_partition,100,23,962,493.0,584.0,532.0,611.0,637.1790222427192,,303.0,599.0,592.0,590.0,606.0
planted_partition,100,24,934,435.0,576.0,529.0,597.0,617.4990558031146,,442.0,595.0,569.0,565.0,593.0
planted_partition,100,25,992,496.0,600.0,540.0,623.0,647.8615854909153,,178.0,611.0,612.0,599.0,623.0
planted_partition,100,26,961,488.0,592.0,569.0,608.0,633.3155156969681,,438.0,592.0,597.0,601.0,606.0
planted_partition,100,27,991,488.0,610.0,577.0,617.0,645.6879232634917,,261.0,600.0,598.0,605.0,617.0
planted_partition,100,28,1019,532.0,620.0,563.0,635.0,661.4671199370906,,487.0,617.0,621.0,625.0,628.0
planted_partition,100,29,991,480.0,597.0,536.0,629.0,648.2235467794285,,123.0,600.0,598.0,612.0,627.0
planted_partition,200,0,3946,1961.0,2322.0,2023.0,2325.0,2419.5025053801437,,481.0,2294.0,2286.0,2290.0,2319.0
planted_partition,200,1,3966,2000.0,2306.0,2134.0,2342.0,2421.6654417695136,,995.0,2326.0,2291.0,2309.0,2321.0
planted_partition,200,2,3930,1915.0,2301.0,2177.0,2324.0,2410.5490351530034,,757.0,2298.0,2292.0,2306.0,2299.0
planted_partition,200,3,3899,1984.0,2276.0,2099.0,2307.0,2393.5501244520146,,1036.0,2266.0,2261.0,2309.0,2292.0
planted_partition,200,4,3955,1976.0,2321.0,2022.0,2340.0,2425.016933348039,,974.0,2306.0,2272.0,2325.0,2325.0
planted_partition,200,5,3970,1985.0,2286.0,2231.0,2357.0,2433.8353057169115,,812.0,2308.0,2305.0,2345.0,2337.0
planted_partition,200,6,4006,1995.0,2321.0,2184.0,2343.0,2440.882890470485,,611.0,2342.0,2303.0,2327.0,2334.0
planted_partition,200,7,3932,1997.0,2265.0,2101.0,2323.0,2400.02405677575,,424.0,2287.0,2296.0,2264.0,2310.0
planted_partition,200,8,3907,1964.0,2246.0,2048.0,2316.0,2396.530307549467,,412.0,2267.0,2281.0,2272.0,2302.0
planted_partition,200,9,4020,1994.0,2359.0,2173.0,2370.0,2449.1959811407187,,1072.0,2349.0,2335.0,2322.0,2342.0
planted_partition,200,10,3944,1970.0,2308.0,2138.0,2323.0,2405.7173147544127,,475.0,2293.0,2293.0,2288.0,2313.0
planted_partition,200,11,3973,1992.0,2286.0,2060.0,2341.0,2427.0554275092572,,459.0,2308.0,2293.0,2310.0,2320.0
planted_partition,200,12,3968,1978.0,2279.0,2004.0,2341.0,2432.364392953309,,607.0,2282.0,2297.0,2325.0,2329.0
planted_partition,200,13,3887,1964.0,2262.0,1993.0,2284.0,2379.6814617009313,,668.0,2256.0,2263.0,2252.0,2272.0
planted_partition,200,14,3869,1992.0,2233.0,2084.0,2307.0,2380.102889158851,,761.0,2240.0,2251.0,2274.0,2287.0
planted_partition,200,15,4008,2038.0,2330.0,2031.0,2371.0,2449.132445148218,,446.0,2295.0,2318.0,2355.0,2349.0
planted_partition,200,16,3961,1990.0,2290.0,2188.0,2352.0,2429.5351575605855,,457.0,2332.0,2277.0,2360.0,2346.0
planted_partition,200,17,3969,1992.0,2303.0,2134.0,2345.0,2433.921832731796,,574.0,2320.0,2310.0,2315.0,2328.0
planted_partition,200,18,3919,1961.0,2280.0,2118.0,2329.0,2403.690052129609,,440.0,2306.0,2295.0,2270.0,2309.0
planted_partition,200,19,3898,1973.0,2270.0,2126.0,2308.0,2386.179385320905,,1008.0,2277.0,2242.0,2273.0,2296.0
planted_partition,200,20,3914,1954.0,2289.0,2085.0,2331.0,2409.413544642478,,451.0,2282.0,2296.0,2305.0,2308.0
planted_partition,200,21,3967,1890.0,2337.0,2136.0,2337.0,2429.9826995927406,,974.0,2298.0,2276.0,2335.0,2326.0
planted_partition,200,22,3891,1923.0,2279.0,2131.0,2315.0,2388.694942209236,,495.0,2289.0,2259.0,2276.0,2295.0
planted_partition,200,23,3976,2044.0,2297.0,2015.0,2353.0,2431.3966376265143,,435.0,2309.0,2315.0,2325.0,2338.0
planted_partition,200,24,4008,2019.0,2305.0,2271.0,2362.0,2450.362878084531,,534.0,2280.0,2306.0,2323.0,2350.0
planted_partition,200,25,3942,1956.0,2284.0,2130.0,2325.0,2413.0321634769425,,828.0,2314.0,2285.0,2292.0,2304.0
planted_partition,200,26,3858,1963.0,2249.0,2009.0,2278.0,2375.128509313594,,1010.0,2280.0,2254.0,2251.0,2267.0
planted_partition,200,27,3930,1965.0,2302.0,2091.0,2323.0,2406.88361374676,,789.0,2292.0,2290.0,2293.0,2303.0
planted_partition,200,28,3954,1979.0,2302.0,1998.0,2336.0,2421.8342070902563,,1040.0,2324.0,2306.0,2298.0,2327.0
planted_partition,200,29,3905,2012.0,2282.0,2097.0,2311.0,2397.6994541112863,,475.0,2265.0,2264.0,2266.0,2294.0
random_regular,20,0,30,15.0,25.0,22.0,27.0,27.475946273265652,27.0,27.0,27.0,24.0,24.0,27.0
random_regular,20,1,30,16.0,25.0,26.0,26.0,27.053330370395354,26.0,26.0,26.0,22.0,26.0,26.0
random_regular,20,2,30,15.0,26.0,28.0,28.0,28.13132041581,28.0,28.0,28.0,28.0,28.0,28.0
random_regular,20,3,30,20.0,26.0,26.0,27.0,27.859473750415347,27.0,26.0,26.0,27.0,27.0,27.0
random_regular,20,4,30,20.0,24.0,23.0,25.0,26.305490880268508,25.0,25.0,25.0,25.0,24.0,25.0
random_regular,20,5,30,15.0,24.0,25.0,26.0,27.152917536191286,26.0,26.0,26.0,26.0,26.0,26.0
random_regular,20,6,30,17.0,27.0,27.0,27.0,27.19116189578083,27.0,27.0,27.0,26.0,27.0,27.0
random_regular,20,7,30,16.0,25.0,25.0,25.0,26.49349789349655,25.0,25.0,25.0,24.0,25.0,25.0
random_regular,20,8,30,19.0,25.0,26.0,26.0,26.750008168341296,26.0,25.0,25.0,24.0,26.0,26.0
random_regular,20,9,30,16.0,25.0,27.0,27.0,27.32422005526868,27.0,25.0,25.0,25.0,27.0,27.0
random_regular,20,10,30,20.0,24.0,26.0,26.0,26.62051880662423,26.0,25.0,25.0,25.0,26.0,26.0
random_regular,20,11,30,12.0,26.0,25.0,26.0,27.50338869209218,26.0,26.0,26.0,26.0,26.0,26.0
random_regular,20,12,30,19.0,24.0,26.0,26.0,26.53387514650215,26.0,24.0,25.0,25.0,26.0,26.0
random_regular,20,13,30,13.0,26.0,26.0,26.0,27.376711160313228,26.0,26.0,26.0,24.0,26.0,26.0
random_regular,20,14,30,14.0,24.0,24.0,26.0,27.394452458927066,26.0,26.0,26.0,25.0,26.0,26.0
random_regular,20,15,30,14.0,25.0,28.0,28.0,28.299288138179996,28.0,28.0,28.0,26.0,28.0,28.0
random_regular,20,16,30,12.0,24.0,24.0,25.0,26.281547615559795,25.0,24.0,25.0,24.0,25.0,25.0
random_regular,20,17,30,12.0,23.0,24.0,25.0,25.723443748398736,25.0,25.0,25.0,22.0,25.0,25.0
random_regular,20,18,30,13.0,26.0,27.0,27.0,27.88094836215538,27.0,27.0,27.0,27.0,27.0,27.0
random_regular,20,19,30,13.0,24.0,25.0,26.0,26.987428655978434,26.0,26.0,26.0,26.0,26.0,26.0
random_regular,20,20,30,21.0,25.0,23.0,26.0,27.32439724278451,26.0,25.0,26.0,25.0,26.0,26.0
random_regular,20,21,30,13.0,24.0,25.0,26.0,27.31080339726894,26.0,26.0,26.0,24.0,26.0,26.0
random_regular,20,22,30,19.0,25.0,24.0,26.0,26.852123956332722,26.0,26.0,26.0,24.0,25.0,26.0
random_regular,20,23,30,21.0,28.0,27.0,28.0,28.60599606714184,28.0,28.0,28.0,24.0,28.0,28.0
random_regular,20,24,30,17.0,27.0,25.0,27.0,27.740213418018943,27.0,26.0,26.0,25.0,27.0,27.0
random_regular,20,25,30,15.0,28.0,28.0,28.0,28.110992028674055,28.0,26.0,26.0,26.0,28.0,28.0
random_regular,20,26,30,13.0,25.0,25.0,26.0,27.124996193576916,26.0,26.0,26.0,26.0,26.0,26.0
random_regular,20,27,30,15.0,24.0,26.0,26.0,27.26627180987864,26.0,26.0,26.0,26.0,26.0,26.0
random_regular,20,28,30,15.0,24.0,25.0,26.0,26.568793778619618,26.0,25.0,25.0,24.0,26.0,26.0
random_regular,20,29,30,12.0,26.0,25.0,27.0,27.582206818517555,27.0,26.0,26.0,25.0,27.0,27.0
random_regular,50,0,75,32.0,65.0,67.0,70.0,71.07478771373081,,68.0,69.0,64.0,69.0,70.0
random_regular,50,1,75,42.0,63.0,63.0,66.0,69.15206410809094,,65.0,65.0,61.0,66.0,66.0
random_regular,50,2,75,34.0,62.0,66.0,68.0,70.75748680589064,,66.0,67.0,65.0,67.0,68.0
random_regular,50,3,75,32.0,64.0,68.0,68.0,71.05582852318513,,67.0,67.0,66.0,68.0,68.0
random_regular,50,4,75,34.0,66.0,64.0,67.0,69.49204595365674,,67.0,67.0,59.0,66.0,67.0
random_regular,50,5,75,36.0,62.0,67.0,68.0,70.99479326845585,,67.0,68.0,66.0,67.0,68.0
random_regular,50,6,75,34.0,62.0,65.0,66.0,69.14841033180413,,60.0,65.0,63.0,67.0,66.0
random_regular,50,7,75,35.0,66.0,69.0,69.0,71.60842166962729,,68.0,68.0,62.0,69.0,69.0
random_regular,50,8,75,43.0,66.0,68.0,69.0,70.74334930231025,,69.0,69.0,65.0,68.0,69.0
random_regular,50,9,75,35.0,62.0,63.0,65.0,68.1071975780676,,65.0,65.0,59.0,65.0,65.0
random_regular,50,10,75,37.0,63.0,65.0,68.0,70.45281310672752,,63.0,66.0,61.0,68.0,68.0
random_regular,50,11,75,35.0,65.0,67.0,68.0,70.93334708809968,,68.0,68.0,63.0,68.0,68.0
random_regular,50,12,75,35.0,64.0,65.0,67.0,69.90095628445411,,61.0,66.0,61.0,67.0,67.0
random_regular,50,13,75,31.0,64.0,66.0,69.0,71.21037634167689,,67.0,67.0,64.0,68.0,69.0
random_regular,50,14,75,33.0,63.0,66.0,66.0,69.80460462116199,,66.0,66.0,63.0,66.0,66.0
random_regular,50,15,75,42.0,64.0,66.0,66.0,69.4407745173265,,66.0,66.0,63.0,66.0,66.0
random_regular,50,16,75,35.0,59.0,67.0,68.0,69.6939972933599,,65.0,66.0,63.0,68.0,68.0
random_regular,50,17,75,30.0,64.0,65.0,66.0,69.43859807086356,,66.0,66.0,65.0,66.0,66.0
random_regular,50,18,75,41.0,63.0,68.0,68.0,70.95602822027007,,67.0,67.0,61.0,68.0,68.0
random_regular,50,19,75,40.0,67.0,66.0,68.0,70.8695924164118,,68.0,68.0,64.0,68.0,68.0
random_regular,50,20,75,37.0,63.0,65.0,68.0,70.49066493084885,,68.0,68.0,66.0,68.0,68.0
random_regular,50,21,75,36.0,61.0,66.0,67.0,70.03374770572586,,67.0,67.0,64.0,67.0,67.0
random_regular,50,22,75,41.0,61.0,67.0,68.0,70.02974122915734,,67.0,67.0,61.0,68.0,68.0
random_regular,50,23,75,30.0,61.0,66.0,67.0,70.46279886279243,,65.0,66.0,62.0,67.0,67.0
random_regular,50,24,75,34.0,65.0,62.0,68.0,70.88745248306242,,67.0,67.0,62.0,66.0,68.0
random_regular,50,25,75,33.0,61.0,68.0,69.0,71.77108429216148,,69.0,69.0,66.0,69.0,69.0
random_regular,50,26,75,40.0,67.0,68.0,68.0,70.76541052751473,,67.0,67.0,66.0,68.0,68.0
random_regular,50,27,75,40.0,63.0,62.0,68.0,70.90386504326106,,66.0,67.0,62.0,68.0,68.0
random_regular,50,28,75,37.0,60.0,67.0,67.0,69.67845008798703,,63.0,67.0,65.0,67.0,67.0
random_regular,50,29,75,34.0,67.0,69.0,69.0,71.79539237862863,,68.0,69.0,66.0,69.0,69.0
random_regular,100,0,150,73.0,128.0,132.0,135.0,141.17339020328228,,132.0,132.0,126.0,135.0,135.0
random_regular,100,1,150,74.0,128.0,130.0,135.0,140.57005744586317,,132.0,132.0,127.0,134.0,135.0
random_regular,100,2,150,72.0,125.0,130.0,135.0,141.204481914032,,133.0,134.0,130.0,135.0,134.0
random_regular,100,3,150,69.0,126.0,132.0,136.0,142.60945004892253,,136.0,136.0,128.0,135.0,136.0
random_regular,100,4,150,75.0,126.0,130.0,135.0,142.07564425819282,,125.0,135.0,128.0,133.0,135.0
random_regular,100,5,150,82.0,124.0,134.0,137.0,142.58366046816917,,136.0,136.0,123.0,138.0,136.0
random_regular,100,6,150,76.0,124.0,131.0,137.0,142.1405400292553,,136.0,136.0,128.0,135.0,137.0
random_regular,100,7,150,72.0,127.0,131.0,134.0,140.85436545034878,,134.0,134.0,124.0,134.0,134.0
random_regular,100,8,150,78.0,128.0,131.0,135.0,141.95452060037718,,135.0,136.0,127.0,134.0,135.0
random_regular,100,9,150,66.0,131.0,132.0,135.0,141.90507473066307,,134.0,135.0,127.0,134.0,135.0
random_regular,100,10,150,72.0,128.0,136.0,138.0,142.33457590132127,,134.0,135.0,132.0,137.0,137.0
random_regular,100,11,150,81.0,126.0,131.0,135.0,141.18953464536764,,132.0,131.0,126.0,133.0,134.0
random_regular,100,12,150,73.0,130.0,130.0,138.0,143.131673288635,,137.0,137.0,127.0,135.0,137.0
random_regular,100,13,150,77.0,131.0,133.0,136.0,141.15055845737768,,135.0,135.0,124.0,136.0,134.0
random_regular,100,14,150,83.0,124.0,129.0,135.0,141.9181381387341,,135.0,135.0,130.0,134.0,135.0
random_regular,100,15,150,73.0,124.0,133.0,138.0,143.2233912408077,,135.0,137.0,126.0,136.0,138.0
random_regular,100,16,150,65.0,129.0,132.0,135.0,141.70430499505918,,130.0,134.0,127.0,134.0,135.0
random_regular,100,17,150,74.0,121.0,135.0,135.0,141.36161714389084,,135.0,135.0,122.0,135.0,135.0
random_regular,100,18,150,69.0,130.0,129.0,134.0,141.47844332480423,,130.0,133.0,125.0,133.0,134.0
random_regular,100,19,150,80.0,129.0,129.0,136.0,142.59018274852232,,130.0,134.0,128.0,133.0,136.0
random_regular,100,20,150,80.0,131.0,135.0,136.0,141.83185689027033,,135.0,135.0,121.0,136.0,135.0
random_regular,100,21,150,80.0,129.0,132.0,134.0,141.7354854351682,,135.0,135.0,129.0,134.0,134.0
random_regular,100,22,150,71.0,123.0,132.0,136.0,143.00676246430595,,138.0,138.0,122.0,137.0,136.0
random_regular,100,23,150,78.0,122.0,130.0,136.0,141.49488050724233,,134.0,135.0,125.0,136.0,136.0
random_regular,100,24,150,71.0,128.0,129.0,136.0,140.85754294595222,,135.0,135.0,127.0,135.0,136.0
random_regular,100,25,150,79.0,125.0,132.0,136.0,142.0067304608711,,136.0,136.0,128.0,135.0,136.0
random_regular,100,26,150,74.0,130.0,130.0,137.0,143.14512938556885,,135.0,135.0,128.0,134.0,136.0
random_regular,100,27,150,62.0,129.0,136.0,138.0,142.99619979362038,,136.0,136.0,124.0,138.0,138.0
random_regular,100,28,150,71.0,132.0,131.0,137.0,142.56903371334357,,136.0,137.0,128.0,136.0,137.0
random_regular,100,29,150,83.0,123.0,128.0,134.0,140.97470565178844,,128.0,132.0,127.0,132.0,133.0
random_regular,200,0,300,152.0,247.0,271.0,274.0,287.8356870365566,,274.0,273.0,261.0,274.0,273.0
random_regular,200,1,300,165.0,247.0,273.0,275.0,287.59545323425067,,270.0,272.0,254.0,275.0,274.0
random_regular,200,2,300,162.0,256.0,272.0,276.0,287.8634915721369,,272.0,276.0,250.0,275.0,276.0
random_regular,200,3,300,155.0,260.0,271.0,275.0,288.8041624176447,,269.0,270.0,252.0,275.0,274.0
random_regular,200,4,300,159.0,258.0,264.0,273.0,285.88450968462234,,273.0,273.0,251.0,272.0,268.0
random_regular,200,5,300,146.0,251.0,263.0,273.0,285.9970129449155,,266.0,270.0,252.0,272.0,270.0
random_regular,200,6,300,151.0,253.0,258.0,269.0,286.2823914302562,,272.0,272.0,250.0,268.0,269.0
random_regular,200,7,300,169.0,256.0,266.0,272.0,288.12785242988355,,263.0,269.0,258.0,275.0,271.0
random_regular,200,8,300,158.0,251.0,257.0,274.0,286.3785627521363,,270.0,272.0,249.0,270.0,271.0
random_regular,200,9,300,144.0,261.0,268.0,271.0,285.7418215992119,,269.0,271.0,253.0,271.0,269.0
random_regular,200,10,300,149.0,253.0,262.0,272.0,286.66085947157165,,273.0,272.0,252.0,269.0,269.0
random_regular,200,11,300,149.0,257.0,274.0,273.0,286.7762426056545,,273.0,273.0,252.0,276.0,269.0
random_regular,200,12,300,154.0,260.0,264.0,272.0,285.9264478878291,,255.0,261.0,250.0,271.0,269.0
random_regular,200,13,300,153.0,255.0,273.0,275.0,287.3314813026338,,272.0,275.0,255.0,276.0,274.0
random_regular,200,14,300,148.0,249.0,264.0,271.0,284.88248710960363,,262.0,270.0,250.0,269.0,269.0
random_regular,200,15,300,159.0,254.0,265.0,271.0,286.0961767200961,,272.0,272.0,253.0,270.0,269.0
random_regular,200,16,300,150.0,253.0,266.0,274.0,289.05253685653844,,274.0,274.0,260.0,275.0,274.0
random_regular,200,17,300,142.0,261.0,264.0,274.0,286.273010833466,,266.0,270.0,247.0,271.0,269.0
random_regular,200,18,300,147.0,252.0,266.0,271.0,285.517020468487,,268.0,270.0,246.0,272.0,267.0
random_regular,200,19,300,147.0,248.0,265.0,272.0,286.1411843142628,,269.0,271.0,248.0,273.0,270.0
random_regular,200,20,300,157.0,253.0,263.0,272.0,286.47232570415235,,271.0,269.0,258.0,271.0,270.0
random_regular,200,21,300,146.0,249.0,268.0,273.0,287.19769422109823,,274.0,273.0,257.0,273.0,270.0
random_regular,200,22,300,149.0,250.0,267.0,273.0,286.408009947863,,270.0,270.0,252.0,272.0,270.0
random_regular,200,23,300,137.0,261.0,258.0,273.0,286.86490247222207,,272.0,273.0,252.0,269.0,269.0
random_regular,200,24,300,157.0,251.0,271.0,273.0,287.31779062508497,,274.0,274.0,255.0,275.0,271.0
random_regular,200,25,300,125.0,255.0,267.0,275.0,288.7040782201897,,274.0,275.0,254.0,271.0,273.0
random_regular,200,26,300,150.0,262.0,265.0,272.0,286.41791152927374,,271.0,272.0,256.0,272.0,269.0
random_regular,200,27,300,147.0,259.0,261.0,273.0,285.4739737611311,,268.0,271.0,262.0,272.0,271.0
random_regular,200,28,300,153.0,260.0,267.0,274.0,287.0306399460735,,272.0,272.0,251.0,274.0,272.0
random_regular,200,29,300,142.0,253.0,266.0,271.0,286.9531947285203,,271.0,272.0,255.0,272.0,271.0
barabasi_albert,20,0,51,24.0,37.0,31.0,40.0,40.82594089183118,40.0,39.0,40.0,35.0,38.0,40.0
barabasi_albert,20,1,51,18.0,39.0,40.0,40.0,41.71485493898227,40.0,40.0,40.0,39.0,40.0,40.0
barabasi_albert,20,2,51,25.0,35.0,30.0,39.0,40.82150269872513,39.0,39.0,39.0,38.0,36.0,39.0
barabasi_albert,20,3,51,23.0,39.0,28.0,39.0,40.395783036043426,39.0,35.0,35.0,37.0,38.0,39.0
barabasi_albert,20,4,51,23.0,35.0,35.0,40.0,40.393923473604744,40.0,39.0,40.0,36.0,38.0,40.0
barabasi_albert,20,5,51,22.0,40.0,33.0,40.0,41.58145984004997,40.0,38.0,38.0,40.0,37.0,40.0
barabasi_albert,20,6,51,18.0,33.0,31.0,38.0,39.55590857678714,38.0,36.0,37.0,36.0,38.0,38.0
barabasi_albert,20,7,51,25.0,33.0,31.0,39.0,39.46028292054247,39.0,39.0,39.0,36.0,39.0,39.0
barabasi_albert,20,8,51,26.0,40.0,38.0,40.0,41.19393821545473,40.0,40.0,40.0,36.0,40.0,40.0
barabasi_albert,20,9,51,22.0,35.0,33.0,38.0,39.31614955803548,38.0,37.0,38.0,33.0,37.0,38.0
barabasi_albert,20,10,51,24.0,34.0,31.0,39.0,39.86289373536227,39.0,36.0,37.0,36.0,37.0,39.0
barabasi_albert,20,11,51,24.0,37.0,28.0,37.0,38.30022760855523,37.0,29.0,35.0,37.0,36.0,37.0
barabasi_albert,20,12,51,24.0,34.0,29.0,37.0,38.53227032961717,37.0,36.0,37.0,35.0,37.0,37.0
barabasi_albert,20,13,51,24.0,37.0,31.0,39.0,40.69026036660922,39.0,38.0,38.0,37.0,36.0,39.0
barabasi_albert,20,14,51,21.0,39.0,37.0,39.0,40.56121709883916,39.0,39.0,39.0,36.0,37.0,39.0
barabasi_albert,20,15,51,31.0,35.0,30.0,38.0,39.933716770955996,38.0,38.0,38.0,34.0,38.0,38.0
barabasi_albert,20,16,51,28.0,37.0,36.0,39.0,39.805757853154404,39.0,39.0,39.0,37.0,38.0,39.0
barabasi_albert,20,17,51,30.0,37.0,36.0,40.0,40.643867239772646,40.0,38.0,38.0,37.0,39.0,40.0
barabasi_albert,20,18,51,25.0,34.0,28.0,38.0,39.78556697623921,38.0,38.0,38.0,38.0,36.0,38.0
barabasi_albert,20,19,51,22.0,38.0,35.0,39.0,40.337013783134196,39.0,37.0,38.0,35.0,39.0,39.0
barabasi_albert,20,20,51,30.0,39.0,33.0,39.0,40.72200033537024,39.0,39.0,39.0,36.0,37.0,39.0
barabasi_albert,20,21,51,28.0,35.0,29.0,38.0,39.40777868876568,38.0,37.0,37.0,36.0,37.0,38.0
barabasi_albert,20,22,51,22.0,34.0,37.0,39.0,40.28242673431768,39.0,38.0,38.0,35.0,38.0,39.0
barabasi_albert,20,23,51,26.0,35.0,31.0,39.0,40.25431213815974,39.0,39.0,39.0,37.0,36.0,39.0
barabasi_albert,20,24,51,27.0,38.0,31.0,38.0,39.70082892655136,38.0,38.0,38.0,38.0,38.0,38.0
barabasi_albert,20,25,51,27.0,33.0,30.0,39.0,39.86673660191492,39.0,39.0,39.0,35.0,39.0,39.0
barabasi_albert,20,26,51,26.0,38.0,37.0,40.0,41.817061160375886,40.0,39.0,40.0,39.0,40.0,40.0
barabasi_albert,20,27,51,26.0,39.0,33.0,39.0,39.684966975114605,39.0,31.0,36.0,36.0,36.0,39.0
barabasi_albert,20,28,51,24.0,35.0,31.0,39.0,40.221251757739296,39.0,38.0,39.0,37.0,37.0,39.0
barabasi_albert,20,29,51,35.0,36.0,36.0,39.0,39.79067495838459,39.0,38.0,39.0,35.0,37.0,39.0
barabasi_albert,50,0,141,66.0,100.0,96.0,113.0,115.74500505408724,,112.0,113.0,102.0,102.0,113.0
barabasi_albert,50,1,141,69.0,103.0,89.0,112.0,115.39615432332894,,106.0,109.0,105.0,102.0,112.0
barabasi_albert,50,2,141,77.0,103.0,91.0,107.0,111.54617436931457,,104.0,106.0,101.0,100.0,107.0
barabasi_albert,50,3,141,63.0,103.0,93.0,106.0,111.50374058250122,,102.0,102.0,101.0,104.0,105.0
barabasi_albert,50,4,141,61.0,98.0,83.0,107.0,112.17075836581601,,102.0,102.0,99.0,98.0,106.0
barabasi_albert,50,5,141,79.0,99.0,94.0,109.0,114.32843505158829,,104.0,106.0,104.0,104.0,109.0
barabasi_albert,50,6,141,75.0,105.0,91.0,109.0,113.575575622344,,103.0,105.0,103.0,102.0,109.0
barabasi_albert,50,7,141,80.0,102.0,94.0,108.0,112.36811471888498,,97.0,104.0,100.0,102.0,108.0
barabasi_albert,50,8,141,69.0,101.0,95.0,111.0,114.03378143241932,,94.0,99.0,99.0,109.0,111.0
barabasi_albert,50,9,141,69.0,100.0,95.0,106.0,112.29742223385082,,108.0,108.0,103.0,104.0,106.0
barabasi_albert,50,10,141,62.0,99.0,97.0,109.0,112.37389177541672,,108.0,107.0,105.0,102.0,109.0
barabasi_albert,50,11,141,74.0,99.0,83.0,106.0,110.92414693998421,,101.0,104.0,98.0,104.0,106.0
barabasi_albert,50,12,141,57.0,104.0,92.0,107.0,113.11411038501723,,109.0,109.0,103.0,103.0,107.0
barabasi_albert,50,13,141,64.0,95.0,85.0,110.0,112.44915705708365,,107.0,109.0,100.0,101.0,110.0
barabasi_albert,50,14,141,76.0,105.0,82.0,110.0,113.45898039247501,,101.0,104.0,103.0,108.0,110.0
barabasi_albert,50,15,141,73.0,106.0,88.0,108.0,113.47472498019604,,107.0,107.0,99.0,101.0,108.0
barabasi_albert,50,16,141,72.0,97.0,104.0,109.0,114.56673133760907,,109.0,109.0,101.0,107.0,108.0
barabasi_albert,50,17,141,82.0,105.0,100.0,109.0,113.20611098587275,,103.0,105.0,100.0,108.0,109.0
barabasi_albert,50,18,141,65.0,100.0,96.0,111.0,112.36459839906274,,99.0,104.0,96.0,103.0,111.0
barabasi_albert,50,19,141,65.0,107.0,88.0,106.0,113.52079839737911,,100.0,102.0,105.0,107.0,106.0
barabasi_albert,50,20,141,70.0,104.0,86.0,110.0,115.42145949326262,,109.0,111.0,106.0,110.0,110.0
barabasi_albert,50,21,141,74.0,102.0,85.0,109.0,113.6049207526402,,109.0,109.0,105.0,102.0,109.0
barabasi_albert,50,22,141,81.0,102.0,87.0,108.0,112.1224416882901,,101.0,105.0,100.0,105.0,106.0
barabasi_albert,50,23,141,67.0,106.0,98.0,111.0,113.85917956492769,,108.0,108.0,100.0,105.0,111.0
barabasi_albert,50,24,141,74.0,102.0,87.0,108.0,112.5867424472782,,100.0,100.0,105.0,107.0,108.0
barabasi_albert,50,25,141,68.0,101.0,89.0,110.0,114.65840237903899,,105.0,107.0,101.0,105.0,110.0
barabasi_albert,50,26,141,70.0,104.0,83.0,108.0,112.78100744006917,,108.0,108.0,103.0,107.0,108.0
barabasi_albert,50,27,141,73.0,98.0,95.0,109.0,113.87786336377874,,103.0,107.0,101.0,107.0,108.0
barabasi_albert,50,28,141,72.0,108.0,92.0,110.0,114.91315869911818,,109.0,110.0,105.0,106.0,110.0
barabasi_albert,50,29,141,59.0,101.0,90.0,107.0,112.36440674380793,,105.0,107.0,102.0,104.0,107.0
barabasi_albert,100,0,291,147.0,211.0,186.0,225.0,237.62024396435504,,217.0,226.0,206.0,209.0,225.0
barabasi_albert,100,1,291,163.0,212.0,187.0,228.0,240.05116632205886,,209.0,223.0,219.0,223.0,227.0
barabasi_albert,100,2,291,149.0,208.0,191.0,223.0,234.21601891320864,,196.0,223.0,211.0,209.0,221.0
barabasi_albert,100,3,291,148.0,208.0,184.0,226.0,237.23886263028973,,210.0,213.0,206.0,215.0,223.0
barabasi_albert,100,4,291,146.0,219.0,196.0,221.0,237.0672929244139,,204.0,223.0,207.0,218.0,220.0
barabasi_albert,100,5,291,145.0,209.0,182.0,227.0,237.9384815611789,,200.0,218.0,208.0,216.0,225.0
barabasi_albert,100,6,291,140.0,224.0,190.0,226.0,238.48003978748648,,205.0,220.0,206.0,219.0,225.0
barabasi_albert,100,7,291,136.0,212.0,184.0,223.0,236.6730008794148,,198.0,221.0,216.0,215.0,221.0
barabasi_albert,100,8,291,159.0,211.0,190.0,228.0,237.031339123354,,178.0,217.0,214.0,211.0,226.0
barabasi_albert,100,9,291,143.0,222.0,187.0,228.0,237.656943481495,,195.0,221.0,212.0,213.0,227.0
barabasi_albert,100,10,291,152.0,206.0,191.0,219.0,234.0091711694668,,203.0,217.0,203.0,216.0,217.0
barabasi_albert,100,11,291,156.0,216.0,164.0,223.0,234.61486534068027,,164.0,216.0,215.0,210.0,223.0
barabasi_albert,100,12,291,147.0,208.0,196.0,224.0,237.81939320890456,,211.0,220.0,213.0,215.0,222.0
barabasi_albert,100,13,291,160.0,217.0,187.0,227.0,237.74006380669223,,208.0,224.0,213.0,212.0,225.0
barabasi_albert,100,14,291,170.0,206.0,183.0,226.0,238.47028157015552,,198.0,213.0,214.0,216.0,225.0
barabasi_albert,100,15,291,147.0,211.0,184.0,224.0,238.3592208261008,,217.0,225.0,210.0,219.0,224.0
barabasi_albert,100,16,291,145.0,205.0,187.0,226.0,237.54248306095354,,210.0,221.0,213.0,213.0,224.0
barabasi_albert,100,17,291,150.0,217.0,197.0,226.0,236.00145540964516,,207.0,221.0,212.0,222.0,225.0
barabasi_albert,100,18,291,152.0,213.0,206.0,228.0,237.0708556126384,,216.0,224.0,208.0,218.0,228.0
barabasi_albert,100,19,291,147.0,204.0,186.0,229.0,239.43170493404008,,218.0,229.0,210.0,225.0,229.0
barabasi_albert,100,20,291,143.0,222.0,176.0,226.0,239.22552052652378,,211.0,224.0,207.0,211.0,224.0
barabasi_albert,100,21,291,144.0,211.0,178.0,224.0,237.02307716455823,,213.0,218.0,211.0,212.0,221.0
barabasi_albert,100,22,291,140.0,211.0,182.0,220.0,234.9920836991845,,168.0,219.0,215.0,216.0,217.0
barabasi_albert,100,23,291,152.0,212.0,189.0,227.0,238.8125243022502,,204.0,226.0,215.0,220.0,223.0
barabasi_albert,100,24,291,163.0,210.0,192.0,222.0,233.52563392769991,,213.0,222.0,211.0,211.0,220.0
barabasi_albert,100,25,291,144.0,211.0,186.0,224.0,237.6342632886477,,202.0,223.0,214.0,222.0,221.0
barabasi_albert,100,26,291,137.0,223.0,177.0,229.0,238.68234934299852,,199.0,220.0,203.0,218.0,227.0
barabasi_albert,100,27,291,155.0,210.0,178.0,228.0,238.89506197819327,,199.0,220.0,207.0,214.0,227.0
barabasi_albert,100,28,291,142.0,206.0,194.0,227.0,238.18027156740644,,208.0,228.0,218.0,219.0,227.0
barabasi_albert,100,29,291,155.0,218.0,199.0,222.0,235.29880850930567,,177.0,219.0,213.0,214.0,221.0
barabasi_albert,200,0,591,311.0,428.0,355.0,452.0,487.44986122275907,,354.0,445.0,425.0,424.0,445.0
barabasi_albert,200,1,591,290.0,425.0,359.0,456.0,484.8574491771576,,309.0,439.0,445.0,437.0,447.0
barabasi_albert,200,2,591,316.0,433.0,365.0,457.0,485.9403619531744,,317.0,449.0,428.0,430.0,449.0
barabasi_albert,200,3,591,282.0,434.0,378.0,464.0,489.45353407483685,,407.0,446.0,437.0,451.0,460.0
barabasi_albert,200,4,591,300.0,428.0,410.0,462.0,487.58513327188433,,433.0,456.0,436.0,447.0,455.0
barabasi_albert,200,5,591,293.0,430.0,377.0,457.0,486.1539074943246,,381.0,449.0,428.0,436.0,452.0
barabasi_albert,200,6,591,312.0,424.0,369.0,456.0,484.0365253677838,,369.0,441.0,417.0,440.0,449.0
barabasi_albert,200,7,591,294.0,435.0,370.0,457.0,484.6692099754052,,356.0,440.0,432.0,430.0,451.0
barabasi_albert,200,8,591,306.0,418.0,394.0,457.0,485.48332201720905,,370.0,442.0,430.0,431.0,451.0
barabasi_albert,200,9,591,290.0,428.0,394.0,458.0,485.57100678494896,,392.0,451.0,424.0,442.0,449.0
barabasi_albert,200,10,591,298.0,432.0,399.0,460.0,484.5083416633316,,389.0,458.0,429.0,454.0,456.0
barabasi_albert,200,11,591,267.0,425.0,349.0,456.0,484.984340706185,,330.0,441.0,423.0,425.0,452.0
barabasi_albert,200,12,591,312.0,429.0,384.0,457.0,486.09097759914914,,418.0,456.0,435.0,433.0,451.0
barabasi_albert,200,13,591,294.0,433.0,373.0,454.0,487.97785927567213,,398.0,449.0,428.0,434.0,449.0
barabasi_albert,200,14,591,291.0,429.0,372.0,460.0,489.25894979715474,,372.0,453.0,424.0,442.0,456.0
barabasi_albert,200,15,591,285.0,426.0,360.0,452.0,485.96554406630145,,308.0,426.0,443.0,433.0,447.0
barabasi_albert,200,16,591,276.0,417.0,399.0,459.0,488.39671901522297,,390.0,455.0,424.0,441.0,453.0
barabasi_albert,200,17,591,298.0,436.0,385.0,457.0,483.16354236637704,,373.0,440.0,430.0,440.0,449.0
barabasi_albert,200,18,591,299.0,436.0,392.0,456.0,484.4757465583637,,360.0,456.0,430.0,443.0,449.0
barabasi_albert,200,19,591,281.0,431.0,366.0,465.0,486.4185679787643,,392.0,447.0,424.0,449.0,464.0
barabasi_albert,200,20,591,305.0,423.0,361.0,457.0,488.3051850649597,,376.0,449.0,440.0,436.0,453.0
barabasi_albert,200,21,591,280.0,427.0,370.0,460.0,489.40276922200576,,355.0,443.0,437.0,431.0,451.0
barabasi_albert,200,22,591,281.0,428.0,393.0,457.0,483.02352863526863,,280.0,438.0,434.0,434.0,453.0
barabasi_albert,200,23,591,299.0,439.0,379.0,458.0,485.39360270738837,,355.0,443.0,420.0,441.0,456.0
barabasi_albert,200,24,591,289.0,432.0,390.0,451.0,481.9096069107874,,332.0,446.0,444.0,446.0,447.0
barabasi_albert,200,25,591,286.0,418.0,363.0,460.0,485.02188082483156,,357.0,447.0,429.0,441.0,450.0
barabasi_albert,200,26,591,293.0,442.0,358.0,459.0,487.19990469751156,,367.0,442.0,426.0,437.0,454.0
barabasi_albert,200,27,591,300.0,420.0,368.0,458.0,486.98111010806514,,310.0,454.0,427.0,434.0,452.0
barabasi_albert,200,28,591,294.0,437.0,384.0,460.0,485.7938107226345,,336.0,446.0,424.0,438.0,455.0
barabasi_albert,200,29,591,299.0,437.0,393.0,455.0,485.7636743548409,,318.0,437.0,431.0,434.0,448.0
watts_strogatz,20,0,60,36.0,37.0,37.0,42.0,42.70017611774754,42.0,39.0,39.0,38.0,40.0,42.0
watts_strogatz,20,1,60,33.0,41.0,41.0,41.0,43.72780922604501,41.0,41.0,41.0,38.0,41.0,41.0
watts_strogatz,20,2,60,34.0,38.0,41.0,42.0,43.999582741484275,42.0,42.0,42.0,39.0,41.0,42.0
watts_strogatz,20,3,60,29.0,41.0,41.0,41.0,43.16261174968653,41.0,41.0,41.0,36.0,41.0,41.0
watts_strogatz,20,4,60,30.0,37.0,37.0,42.0,43.28550625650675,42.0,30.0,40.0,42.0,41.0,42.0
watts_strogatz,20,5,60,33.0,43.0,39.0,43.0,43.919017383311854,43.0,42.0,42.0,38.0,42.0,43.0
watts_strogatz,20,6,60,29.0,42.0,40.0,43.0,43.97740947828143,43.0,41.0,42.0,40.0,41.0,43.0
watts_strogatz,20,7,60,33.0,41.0,37.0,41.0,43.32018102405587,41.0,41.0,41.0,38.0,39.0,41.0
watts_strogatz,20,8,60,25.0,40.0,44.0,44.0,44.57700701960136,44.0,44.0,44.0,39.0,44.0,44.0
watts_strogatz,20,9,60,30.0,38.0,38.0,43.0,43.8206520816142,43.0,43.0,43.0,40.0,41.0,43.0
watts_strogatz,20,10,60,31.0,38.0,39.0,42.0,44.366465592092155,42.0,42.0,42.0,39.0,41.0,42.0
watts_strogatz,20,11,60,32.0,39.0,39.0,42.0,43.581765121237765,42.0,40.0,40.0,40.0,41.0,42.0
watts_strogatz,20,12,60,25.0,41.0,35.0,43.0,44.55626404957147,43.0,42.0,42.0,41.0,41.0,43.0
watts_strogatz,20,13,60,23.0,39.0,38.0,42.0,43.96369521049591,42.0,42.0,42.0,38.0,42.0,42.0
watts_strogatz,20,14,60,33.0,38.0,42.0,42.0,43.78376428816286,42.0,42.0,42.0,42.0,42.0,42.0
watts_strogatz,20,15,60,35.0,38.0,40.0,43.0,43.903284532386586,43.0,42.0,42.0,39.0,42.0,43.0
watts_strogatz,20,16,60,31.0,39.0,41.0,42.0,43.24830075867004,42.0,41.0,41.0,41.0,41.0,42.0
watts_strogatz,20,17,60,28.0,40.0,39.0,42.0,43.627489273550516,42.0,41.0,41.0,38.0,40.0,42.0
watts_strogatz,20,18,60,37.0,41.0,36.0,42.0,43.30988888459046,42.0,41.0,41.0,39.0,41.0,42.0
watts_strogatz,20,19,60,32.0,40.0,42.0,43.0,44.213960811699096,43.0,43.0,43.0,40.0,43.0,43.0
watts_strogatz,20,20,60,21.0,41.0,41.0,43.0,43.45351326371417,43.0,41.0,41.0,40.0,43.0,43.0
watts_strogatz,20,21,60,35.0,40.0,36.0,42.0,43.472997476644196,42.0,41.0,41.0,40.0,39.0,42.0
watts_strogatz,20,22,60,33.0,37.0,32.0,42.0,44.0256274953103,42.0,42.0,42.0,42.0,39.0,42.0
watts_strogatz,20,23,60,35.0,41.0,40.0,42.0,43.723913317602495,42.0,42.0,42.0,42.0,42.0,42.0
watts_strogatz,20,24,60,32.0,40.0,40.0,42.0,43.67282446270757,42.0,41.0,41.0,40.0,41.0,42.0
watts_strogatz,20,25,60,27.0,40.0,36.0,42.0,43.39286867340658,42.0,39.0,40.0,40.0,40.0,42.0
watts_strogatz,20,26,60,36.0,40.0,39.0,43.0,43.35624706931681,43.0,43.0,43.0,41.0,40.0,43.0
watts_strogatz,20,27,60,30.0,36.0,37.0,41.0,42.70608759967933,41.0,41.0,41.0,37.0,39.0,41.0
watts_strogatz,20,28,60,26.0,39.0,42.0,42.0,44.09285356230919,42.0,42.0,42.0,38.0,42.0,42.0
watts_strogatz,20,29,60,33.0,43.0,43.0,43.0,44.901463791231755,43.0,43.0,43.0,42.0,43.0,43.0
watts_strogatz,50,0,150,65.0,99.0,98.0,106.0,109.59112634926343,,104.0,106.0,97.0,102.0,106.0
watts_strogatz,50,1,150,80.0,99.0,98.0,105.0,109.57599466911114,,97.0,105.0,94.0,104.0,105.0
watts_strogatz,50,2,150,73.0,98.0,103.0,108.0,111.4384614363949,,107.0,107.0,104.0,108.0,108.0
watts_strogatz,50,3,150,80.0,102.0,94.0,104.0,110.2160862032483,,48.0,101.0,98.0,102.0,104.0
watts_strogatz,50,4,150,77.0,101.0,97.0,109.0,112.43857304220191,,103.0,105.0,101.0,106.0,109.0
watts_strogatz,50,5,150,64.0,101.0,105.0,108.0,112.34530704739686,,107.0,107.0,95.0,108.0,108.0
watts_strogatz,50,6,150,76.0,105.0,102.0,110.0,113.66579562355292,,104.0,106.0,103.0,106.0,110.0
watts_strogatz,50,7,150,77.0,98.0,96.0,103.0,108.90698571234607,,97.0,102.0,96.0,99.0,103.0
watts_strogatz,50,8,150,62.0,101.0,94.0,109.0,111.83728266384338,,109.0,109.0,99.0,106.0,109.0
watts_strogatz,50,9,150,77.0,99.0,93.0,105.0,109.17692010386178,,86.0,101.0,96.0,103.0,104.0
watts_strogatz,50,10,150,64.0,103.0,100.0,107.0,110.93729259102875,,101.0,106.0,103.0,103.0,106.0
watts_strogatz,50,11,150,79.0,102.0,97.0,106.0,110.8992886606104,,104.0,106.0,97.0,103.0,106.0
watts_strogatz,50,12,150,84.0,103.0,97.0,109.0,113.87278176365845,,106.0,108.0,106.0,106.0,109.0
watts_strogatz,50,13,150,81.0,102.0,101.0,105.0,109.86569688877879,,104.0,104.0,93.0,105.0,105.0
watts_strogatz,50,14,150,79.0,98.0,103.0,108.0,112.26676135491387,,108.0,108.0,99.0,107.0,108.0
watts_strogatz,50,15,150,73.0,98.0,99.0,104.0,109.70451859975087,,97.0,103.0,101.0,103.0,104.0
watts_strogatz,50,16,150,84.0,103.0,99.0,106.0,111.05480165297492,,99.0,105.0,100.0,104.0,106.0
watts_strogatz,50,17,150,82.0,96.0,105.0,107.0,111.37911324752471,,82.0,106.0,101.0,106.0,107.0
watts_strogatz,50,18,150,67.0,99.0,101.0,107.0,111.31578534026625,,97.0,103.0,97.0,106.0,107.0
watts_strogatz,50,19,150,74.0,98.0,97.0,107.0,111.72954698167322,,107.0,107.0,97.0,102.0,107.0
watts_strogatz,50,20,150,81.0,101.0,95.0,106.0,111.57231248880512,,93.0,104.0,95.0,104.0,106.0
watts_strogatz,50,21,150,75.0,100.0,104.0,107.0,110.5443818385317,,75.0,100.0,103.0,106.0,107.0
watts_strogatz,50,22,150,80.0,100.0,102.0,107.0,111.47804527485663,,87.0,104.0,101.0,107.0,107.0
watts_strogatz,50,23,150,58.0,103.0,103.0,109.0,112.3876380702663,,105.0,105.0,99.0,105.0,109.0
watts_strogatz,50,24,150,70.0,99.0,95.0,107.0,110.58269774136068,,105.0,105.0,93.0,104.0,106.0
watts_strogatz,50,25,150,67.0,99.0,103.0,109.0,112.19223956540122,,107.0,108.0,103.0,105.0,109.0
watts_strogatz,50,26,150,79.0,100.0,100.0,107.0,110.59097783421404,,105.0,105.0,100.0,103.0,106.0
watts_strogatz,50,27,150,73.0,92.0,103.0,105.0,109.70555080517983,,105.0,105.0,95.0,103.0,105.0
watts_strogatz,50,28,150,76.0,95.0,100.0,107.0,111.79804915033986,,105.0,107.0,97.0,105.0,107.0
watts_strogatz,50,29,150,74.0,96.0,85.0,107.0,111.14754882509153,,99.0,104.0,99.0,100.0,107.0
watts_strogatz,100,0,300,150.0,191.0,195.0,212.0,221.18388659709814,,149.0,205.0,199.0,208.0,212.0
watts_strogatz,100,1,300,163.0,197.0,201.0,213.0,222.4927915180965,,199.0,211.0,200.0,208.0,212.0
watts_strogatz,100,2,300,157.0,199.0,194.0,214.0,224.25608225044385,,192.0,209.0,193.0,204.0,213.0
watts_strogatz,100,3,300,156.0,195.0,190.0,214.0,222.65586425552155,,196.0,211.0,193.0,206.0,214.0
watts_strogatz,100,4,300,148.0,210.0,196.0,218.0,228.92500763407503,,192.0,217.0,205.0,217.0,217.0
watts_strogatz,100,5,300,152.0,203.0,209.0,220.0,227.87105006042367,,183.0,218.0,201.0,217.0,219.0
watts_strogatz,100,6,300,147.0,203.0,195.0,216.0,225.3174361367822,,182.0,211.0,200.0,206.0,216.0
watts_strogatz,100,7,300,145.0,201.0,198.0,213.0,221.8555775030215,,184.0,205.0,194.0,209.0,212.0
watts_strogatz,100,8,300,156.0,202.0,193.0,211.0,222.81843695557248,,149.0,207.0,196.0,209.0,211.0
watts_strogatz,100,9,300,144.0,208.0,200.0,214.0,223.4836833166019,,178.0,212.0,199.0,208.0,212.0
watts_strogatz,100,10,300,146.0,201.0,200.0,211.0,222.97297643830808,,168.0,207.0,187.0,203.0,211.0
watts_strogatz,100,11,300,163.0,200.0,201.0,213.0,223.57788576116073,,187.0,211.0,195.0,209.0,212.0
watts_strogatz,100,12,300,158.0,205.0,205.0,218.0,227.3818226732278,,209.0,216.0,193.0,214.0,217.0
watts_strogatz,100,13,300,141.0,202.0,199.0,215.0,224.3762133951983,,200.0,212.0,202.0,208.0,213.0
watts_strogatz,100,14,300,150.0,202.0,183.0,216.0,224.72135925770124,,182.0,212.0,197.0,211.0,215.0
watts_strogatz,100,15,300,147.0,196.0,188.0,213.0,221.64891426720408,,185.0,209.0,195.0,204.0,213.0
watts_strogatz,100,16,300,137.0,204.0,202.0,213.0,223.27007087603607,,146.0,208.0,197.0,210.0,213.0
watts_strogatz,100,17,300,137.0,197.0,201.0,216.0,226.1357916206687,,190.0,214.0,203.0,210.0,216.0
watts_strogatz,100,18,300,151.0,198.0,194.0,213.0,221.99555984278058,,156.0,210.0,187.0,204.0,211.0
watts_strogatz,100,19,300,151.0,201.0,197.0,214.0,224.17178295934156,,199.0,206.0,194.0,205.0,213.0
watts_strogatz,100,20,300,158.0,197.0,200.0,214.0,225.1647281922845,,160.0,212.0,201.0,208.0,213.0
watts_strogatz,100,21,300,136.0,202.0,186.0,210.0,221.28412679015327,,164.0,207.0,196.0,204.0,210.0
watts_strogatz,100,22,300,148.0,200.0,194.0,213.0,225.16952378707495,,187.0,214.0,203.0,205.0,213.0
watts_strogatz,100,23,300,156.0,200.0,189.0,214.0,222.78396127391062,,185.0,205.0,191.0,206.0,214.0
watts_strogatz,100,24,300,158.0,196.0,191.0,209.0,221.28481860297416,,181.0,208.0,189.0,207.0,209.0
watts_strogatz,100,25,300,144.0,194.0,186.0,214.0,222.3265548820878,,177.0,208.0,200.0,207.0,214.0
watts_strogatz,100,26,300,143.0,196.0,202.0,213.0,223.47694976159505,,142.0,209.0,193.0,205.0,213.0
watts_strogatz,100,27,300,157.0,200.0,201.0,213.0,221.82766556736817,,162.0,209.0,199.0,208.0,213.0
watts_strogatz,100,28,300,150.0,202.0,193.0,214.0,224.90680696240338,,169.0,208.0,199.0,207.0,212.0
watts_strogatz,100,29,300,161.0,200.0,198.0,216.0,225.561226593917,,207.0,212.0,200.0,211.0,215.0
watts_strogatz,200,0,600,308.0,397.0,387.0,427.0,445.82546819032166,,381.0,416.0,392.0,417.0,424.0
watts_strogatz,200,1,600,292.0,402.0,381.0,425.0,450.607619427895,,297.0,421.0,403.0,412.0,422.0
watts_strogatz,200,2,600,294.0,402.0,384.0,429.0,449.7749836267694,,331.0,420.0,401.0,414.0,425.0
watts_strogatz,200,3,600,290.0,395.0,388.0,431.0,448.75906448608526,,344.0,420.0,396.0,415.0,430.0
watts_strogatz,200,4,600,297.0,401.0,393.0,428.0,452.3181396255989,,384.0,417.0,397.0,421.0,424.0
watts_strogatz,200,5,600,307.0,407.0,395.0,431.0,453.2028018958142,,274.0,420.0,396.0,417.0,427.0
watts_strogatz,200,6,600,308.0,403.0,390.0,426.0,448.23060413044493,,247.0,410.0,394.0,419.0,422.0
watts_strogatz,200,7,600,313.0,399.0,388.0,425.0,448.1641393154702,,359.0,422.0,396.0,415.0,424.0
watts_strogatz,200,8,600,296.0,406.0,392.0,432.0,450.53274086248,,362.0,420.0,395.0,419.0,427.0
watts_strogatz,200,9,600,284.0,399.0,390.0,426.0,446.39875523732036,,331.0,417.0,402.0,416.0,423.0
watts_strogatz,200,10,600,297.0,391.0,391.0,427.0,448.745414972778,,320.0,421.0,396.0,416.0,425.0
watts_strogatz,200,11,600,304.0,411.0,396.0,432.0,453.6815491459309,,350.0,430.0,395.0,422.0,432.0
watts_strogatz,200,12,600,309.0,402.0,402.0,424.0,449.7654766206464,,272.0,419.0,398.0,421.0,423.0
watts_strogatz,200,13,600,296.0,407.0,383.0,433.0,451.4207600909366,,271.0,424.0,410.0,416.0,428.0
watts_strogatz,200,14,600,312.0,401.0,404.0,428.0,450.41404843774615,,308.0,422.0,400.0,419.0,428.0
watts_strogatz,200,15,600,294.0,390.0,380.0,423.0,446.5975701727137,,298.0,417.0,388.0,411.0,421.0
watts_strogatz,200,16,600,311.0,406.0,392.0,429.0,449.55146677669234,,343.0,415.0,400.0,420.0,426.0
watts_strogatz,200,17,600,302.0,399.0,392.0,429.0,450.19363221172466,,297.0,418.0,401.0,414.0,424.0
watts_strogatz,200,18,600,303.0,398.0,376.0,428.0,449.4723688281866,,334.0,421.0,395.0,416.0,426.0
watts_strogatz,200,19,600,289.0,402.0,373.0,427.0,450.69348849828395,,361.0,421.0,393.0,418.0,425.0
watts_strogatz,200,20,600,305.0,406.0,396.0,430.0,453.1556793056752,,317.0,428.0,399.0,420.0,428.0
watts_strogatz,200,21,600,285.0,401.0,379.0,422.0,448.5097436989936,,296.0,416.0,398.0,414.0,421.0
watts_strogatz,200,22,600,302.0,407.0,405.0,430.0,450.9994518193385,,365.0,423.0,396.0,420.0,428.0
watts_strogatz,200,23,600,313.0,390.0,384.0,424.0,447.27729059358893,,360.0,419.0,395.0,416.0,421.0
watts_strogatz,200,24,600,319.0,394.0,395.0,428.0,449.4757482806243,,316.0,418.0,396.0,413.0,424.0
watts_strogatz,200,25,600,283.0,393.0,386.0,426.0,447.2860486161302,,342.0,419.0,404.0,412.0,424.0
watts_strogatz,200,26,600,280.0,410.0,381.0,430.0,451.73364569526757,,278.0,424.0,405.0,423.0,425.0
watts_strogatz,200,27,600,271.0,394.0,389.0,423.0,446.60178089590727,,318.0,418.0,395.0,405.0,421.0
watts_strogatz,200,28,600,282.0,404.0,390.0,430.0,454.03014390073764,,339.0,425.0,411.0,418.0,430.0
watts_strogatz,200,29,600,305.0,409.0,385.0,433.0,454.0073238744179,,314.0,416.0,401.0,417.0,429.0
