family,n,instance,m,gnn_nols,gnn_ls,sdp_bound,rand_ls
erdos_renyi,20,0,25,4.0,21.0,22.471511768838308,22.0
erdos_renyi,20,1,27,5.0,21.0,24.74593791746489,23.0
erdos_renyi,20,2,37,10.0,28.0,30.56782673689168,27.0
erdos_renyi,20,3,22,7.0,17.0,21.204450668922405,19.0
erdos_renyi,20,4,39,2.0,28.0,34.00128378636189,34.0
erdos_renyi,20,5,30,7.0,25.0,26.299089052487233,25.0
erdos_renyi,20,6,27,4.0,22.0,24.04718186260449,22.0
erdos_renyi,20,7,21,6.0,18.0,20.21691900530979,18.0
erdos_renyi,20,8,24,6.0,18.0,22.1271398260661,20.0
erdos_renyi,20,9,28,2.0,21.0,23.771841256040677,21.0
erdos_renyi,20,10,39,7.0,28.0,33.053933642973774,30.0
erdos_renyi,20,11,28,7.0,21.0,23.733713332889995,21.0
erdos_renyi,20,12,26,8.0,22.0,23.598591635551372,21.0
erdos_renyi,20,13,23,5.0,20.0,22.194908808944188,20.0
erdos_renyi,20,14,30,12.0,26.0,27.917058238457876,27.0
erdos_renyi,20,15,23,5.0,20.0,22.03281760463719,19.0
erdos_renyi,20,16,26,6.0,22.0,23.76202150473361,23.0
erdos_renyi,20,17,27,3.0,22.0,24.388990542102775,20.0
erdos_renyi,20,18,35,3.0,28.0,30.303293587892316,25.0
erdos_renyi,20,19,24,3.0,22.0,22.52172872528096,19.0
erdos_renyi,20,20,38,2.0,27.0,30.906039715252582,29.0
erdos_renyi,20,21,26,6.0,21.0,22.80079512967648,19.0
erdos_renyi,20,22,37,5.0,28.0,30.936055804529477,29.0
erdos_renyi,20,23,27,3.0,21.0,24.432310088353177,21.0
erdos_renyi,20,24,32,2.0,21.0,27.90032428209288,23.0
erdos_renyi,20,25,32,15.0,25.0,28.714895274186365,25.0
erdos_renyi,20,26,24,5.0,21.0,22.70484236971583,22.0
erdos_renyi,20,27,22,8.0,19.0,21.050099766453737,20.0
erdos_renyi,20,28,32,3.0,24.0,27.643440752304,22.0
erdos_renyi,20,29,30,4.0,26.0,27.716306445733093,26.0
erdos_renyi,50,0,183,5.0,129.0,141.54691549436058,132.0
erdos_renyi,50,1,174,13.0,122.0,137.7852829150741,127.0
erdos_renyi,50,2,214,96.0,145.0,161.36087226585545,147.0
erdos_renyi,50,3,163,14.0,115.0,130.05037932815034,121.0
erdos_renyi,50,4,179,71.0,124.0,139.35741227287525,124.0
erdos_renyi,50,5,189,73.0,127.0,145.84464484550512,123.0
erdos_renyi,50,6,200,10.0,139.0,152.82040058170475,142.0
erdos_renyi,50,7,179,67.0,125.0,139.89074750629408,125.0
erdos_renyi,50,8,168,5.0,118.0,130.43692112853012,115.0
erdos_renyi,50,9,182,1.0,125.0,143.333535426777,131.0
erdos_renyi,50,10,182,71.0,134.0,142.36050168159642,131.0
erdos_renyi,50,11,167,66.0,121.0,132.20434589244118,119.0
erdos_renyi,50,12,180,12.0,128.0,139.66128773173028,130.0
erdos_renyi,50,13,177,57.0,128.0,138.53922389590332,123.0
erdos_renyi,50,14,167,67.0,119.0,131.1354331789596,116.0
erdos_renyi,50,15,201,55.0,146.0,155.5975887360897,145.0
erdos_renyi,50,16,197,9.0,142.0,152.05342522048173,138.0
erdos_renyi,50,17,178,5.0,126.0,138.32717382365237,125.0
erdos_renyi,50,18,210,90.0,144.0,157.37330951269848,142.0
erdos_renyi,50,19,188,44.0,136.0,144.96367055546602,130.0
erdos_renyi,50,20,212,11.0,154.0,160.84160783596036,147.0
erdos_renyi,50,21,169,3.0,114.0,132.79576900592684,125.0
erdos_renyi,50,22,186,83.0,136.0,144.27143636134196,131.0
erdos_renyi,50,23,163,6.0,113.0,129.66764896347615,113.0
erdos_renyi,50,24,185,12.0,131.0,147.92488669633386,129.0
erdos_renyi,50,25,190,105.0,135.0,146.21188459156338,131.0
erdos_renyi,50,26,169,27.0,117.0,134.62190286590277,122.0
erdos_renyi,50,27,156,76.0,117.0,124.47022105053044,113.0
erdos_renyi,50,28,164,28.0,117.0,132.46580344993197,127.0
erdos_renyi,50,29,181,22.0,129.0,141.38492291976735,124.0
erdos_renyi,100,0,732,452.0,474.0,513.3968686864696,461.0
erdos_renyi,100,1,751,470.0,493.0,530.1177504936403,491.0
erdos_renyi,100,2,816,502.0,535.0,565.5875770488785,521.0
erdos_renyi,100,3,691,439.0,450.0,496.8402323775858,443.0
erdos_renyi,100,4,732,470.0,480.0,520.3018199042469,471.0
erdos_renyi,100,5,697,450.0,460.0,500.3422434042716,474.0
erdos_renyi,100,6,766,469.0,479.0,539.5597774324135,507.0
erdos_renyi,100,7,751,482.0,493.0,532.9322385039004,485.0
erdos_renyi,100,8,721,457.0,471.0,512.2446934934007,472.0
erdos_renyi,100,9,783,489.0,509.0,548.0431942194941,510.0
erdos_renyi,100,10,752,474.0,487.0,528.1468725764045,476.0
erdos_renyi,100,11,697,449.0,471.0,500.58451954833686,444.0
erdos_renyi,100,12,745,460.0,484.0,526.0559855790539,459.0
erdos_renyi,100,13,730,465.0,481.0,515.3917991464116,465.0
erdos_renyi,100,14,746,479.0,486.0,528.3415430153334,479.0
erdos_renyi,100,15,725,462.0,478.0,513.0697178730495,473.0
erdos_renyi,100,16,776,493.0,503.0,544.185597130187,496.0
erdos_renyi,100,17,743,453.0,488.0,526.9182198064451,491.0
erdos_renyi,100,18,805,505.0,509.0,558.9726880681018,508.0
erdos_renyi,100,19,737,463.0,477.0,519.4053509539156,479.0
erdos_renyi,100,20,754,492.0,500.0,537.1789023139665,499.0
erdos_renyi,100,21,700,441.0,460.0,498.7092624859925,433.0
erdos_renyi,100,22,768,490.0,501.0,541.5745865156046,504.0
erdos_renyi,100,23,733,452.0,479.0,520.1883592987579,492.0
erdos_renyi,100,24,754,481.0,489.0,532.7670853194413,491.0
erdos_renyi,100,25,745,466.0,482.0,526.6293818593078,491.0
erdos_renyi,100,26,729,477.0,479.0,522.3754969257627,472.0
erdos_renyi,100,27,751,467.0,492.0,526.8871220360181,487.0
erdos_renyi,100,28,794,495.0,513.0,552.3200202528715,516.0
erdos_renyi,100,29,746,485.0,498.0,526.578223639028,477.0
erdos_renyi,200,0,2934,27.0,1794.0,1909.853681427685,1788.0
erdos_renyi,200,1,2989,25.0,1797.0,1940.9184893527436,1823.0
erdos_renyi,200,2,3137,37.0,1892.0,2019.153563550869,1887.0
erdos_renyi,200,3,2831,21.0,1750.0,1862.919217380044,1732.0
erdos_renyi,200,4,3034,39.0,1874.0,1972.7177192526633,1815.0
erdos_renyi,200,5,2944,30.0,1802.0,1923.6242679389752,1794.0
erdos_renyi,200,6,2997,28.0,1792.0,1951.6838702119037,1795.0
erdos_renyi,200,7,2971,17.0,1828.0,1938.2433798751076,1823.0
erdos_renyi,200,8,2912,24.0,1784.0,1904.6054345526968,1775.0
erdos_renyi,200,9,3042,28.0,1842.0,1977.9363124981965,1831.0
erdos_renyi,200,10,3006,39.0,1817.0,1962.0116432905356,1804.0
erdos_renyi,200,11,2916,29.0,1791.0,1911.554612243325,1781.0
erdos_renyi,200,12,2949,29.0,1795.0,1927.8488063663224,1755.0
erdos_renyi,200,13,2914,23.0,1776.0,1905.045711432504,1786.0
erdos_renyi,200,14,3034,32.0,1832.0,1969.9765604837417,1844.0
erdos_renyi,200,15,3007,22.0,1837.0,1951.7954524359604,1838.0
erdos_renyi,200,16,3026,24.0,1824.0,1963.6927279869883,1828.0
erdos_renyi,200,17,3072,26.0,1869.0,1986.4457123357129,1839.0
erdos_renyi,200,18,3133,37.0,1888.0,2030.8885430088967,1905.0
erdos_renyi,200,19,2997,23.0,1812.0,1957.6216239002824,1825.0
erdos_renyi,200,20,2954,40.0,1789.0,1916.6113973785564,1778.0
erdos_renyi,200,21,2842,26.0,1759.0,1867.837495120588,1751.0
erdos_renyi,200,22,2937,39.0,1772.0,1913.600528673127,1766.0
erdos_renyi,200,23,2999,30.0,1840.0,1955.4142858988464,1816.0
erdos_renyi,200,24,3047,33.0,1849.0,1978.5494637768704,1837.0
erdos_renyi,200,25,3031,35.0,1823.0,1964.038216229087,1838.0
erdos_renyi,200,26,2948,24.0,1796.0,1920.6598981051,1801.0
erdos_renyi,200,27,2953,23.0,1829.0,1930.774250328331,1799.0
erdos_renyi,200,28,2981,31.0,1800.0,1940.7241488901464,1807.0
erdos_renyi,200,29,3017,30.0,1848.0,1959.7798260586696,1856.0
planted_partition,20,0,31,4.0,25.0,26.145248354835093,25.0
planted_partition,20,1,37,7.0,26.0,30.425951142960564,25.0
planted_partition,20,2,35,1.0,28.0,29.91942552827733,29.0
planted_partition,20,3,34,1.0,26.0,29.08690211774828,27.0
planted_partition,20,4,46,1.0,34.0,35.995359585958354,31.0
planted_partition,20,5,35,1.0,25.0,28.565428000146973,25.0
planted_partition,20,6,36,3.0,27.0,29.822542934535143,26.0
planted_partition,20,7,36,3.0,28.0,29.536140299395154,26.0
planted_partition,20,8,38,4.0,26.0,29.6846732436174,25.0
planted_partition,20,9,37,3.0,28.0,30.447162201954427,27.0
planted_partition,20,10,34,1.0,27.0,28.51508417840072,25.0
planted_partition,20,11,28,2.0,22.0,24.946606168962592,20.0
planted_partition,20,12,44,5.0,33.0,35.321255310342906,30.0
planted_partition,20,13,41,5.0,29.0,32.96488299312219,29.0
planted_partition,20,14,42,1.0,31.0,32.74199497771768,28.0
planted_partition,20,15,36,2.0,29.0,30.555622093135792,28.0
planted_partition,20,16,38,1.0,26.0,31.419303161115018,25.0
planted_partition,20,17,40,7.0,26.0,32.056295877120995,31.0
planted_partition,20,18,36,2.0,26.0,30.00078059267063,28.0
planted_partition,20,19,34,1.0,25.0,28.489783151603312,26.0
planted_partition,20,20,31,4.0,24.0,26.843611585416987,22.0
planted_partition,20,21,36,3.0,26.0,30.297625285634844,26.0
planted_partition,20,22,41,2.0,27.0,31.524606094644177,29.0
planted_partition,20,23,28,2.0,22.0,25.0282292573585,22.0
planted_partition,20,24,36,1.0,26.0,29.91965729142005,28.0
planted_partition,20,25,34,2.0,27.0,28.31784082020042,25.0
planted_partition,20,26,37,1.0,29.0,32.05859135514916,30.0
planted_partition,20,27,34,3.0,27.0,27.65481341502692,25.0
planted_partition,20,28,34,1.0,25.0,27.13095531670907,25.0
planted_partition,20,29,43,1.0,34.0,35.36536498025491,33.0
planted_partition,50,0,245,19.0,150.0,174.1277183114943,160.0
planted_partition,50,1,232,21.0,149.0,166.92872034610411,149.0
planted_partition,50,2,249,56.0,171.0,179.03899671822828,166.0
planted_partition,50,3,241,48.0,158.0,172.94879700791606,155.0
planted_partition,50,4,245,7.0,173.0,177.32571899008553,168.0
planted_partition,50,5,242,11.0,162.0,172.99730185973647,151.0
planted_partition,50,6,238,9.0,157.0,170.417662541491,149.0
planted_partition,50,7,245,129.0,166.0,172.67558222941216,155.0
planted_partition,50,8,229,9.0,151.0,167.92873668147172,154.0
planted_partition,50,9,234,8.0,152.0,164.95355176521062,152.0
planted_partition,50,10,219,11.0,146.0,159.2790262879679,152.0
planted_partition,50,11,230,13.0,156.0,166.98929876057258,153.0
planted_partition,50,12,247,22.0,164.0,176.3189339224717,161.0
planted_partition,50,13,241,97.0,163.0,170.62092371801913,151.0
planted_partition,50,14,229,11.0,156.0,165.1027487614703,153.0
planted_partition,50,15,233,7.0,160.0,168.66847170754653,153.0
planted_partition,50,16,248,60.0,160.0,174.5986308518277,163.0
planted_partition,50,17,231,7.0,154.0,167.76582444261803,156.0
planted_partition,50,18,261,108.0,172.0,183.9655091195566,167.0
planted_partition,50,19,245,85.0,156.0,172.91666165446907,163.0
planted_partition,50,20,219,26.0,148.0,157.64817170452946,143.0
planted_partition,50,21,239,12.0,164.0,175.0531821109784,155.0
planted_partition,50,22,249,74.0,162.0,176.8720855048744,164.0
planted_partition,50,23,233,28.0,152.0,170.50903410427537,160.0
planted_partition,50,24,241,14.0,159.0,174.43638927519828,163.0
planted_partition,50,25,230,24.0,150.0,164.68121794145378,151.0
planted_partition,50,26,242,24.0,158.0,175.6606850744651,159.0
planted_partition,50,27,237,107.0,151.0,168.11435180712454,158.0
planted_partition,50,28,253,96.0,163.0,177.74561256049964,165.0
planted_partition,50,29,252,53.0,164.0,178.87724220955468,165.0
planted_partition,100,0,942,17.0,592.0,622.8223133605732,578.0
planted_partition,100,1,988,18.0,608.0,648.0275807991502,612.0
planted_partition,100,2,996,13.0,605.0,649.1264576164439,604.0
planted_partition,100,3,977,17.0,602.0,639.3917194393091,598.0
planted_partition,100,4,998,18.0,612.0,651.750461187158,617.0
planted_partition,100,5,976,22.0,602.0,643.8432208024024,608.0
planted_partition,100,6,970,25.0,605.0,638.1510466604739,590.0
planted_partition,100,7,964,21.0,594.0,633.1512689722447,585.0
planted_partition,100,8,969,19.0,588.0,637.770357924936,591.0
planted_partition,100,9,993,18.0,596.0,649.7753752463614,620.0
planted_partition,100,10,980,18.0,606.0,638.5611630390266,591.0
planted_partition,100,11,969,15.0,588.0,632.3770311136798,591.0
planted_partition,100,12,951,22.0,588.0,623.4691374590044,583.0
planted_partition,100,13,972,20.0,591.0,645.222313525197,604.0
planted_partition,100,14,934,11.0,589.0,621.3251107833885,574.0
planted_partition,100,15,1006,16.0,620.0,653.8737766691908,607.0
planted_partition,100,16,1007,20.0,617.0,654.6436404576269,620.0
planted_partition,100,17,966,17.0,599.0,632.3181020702386,593.0
planted_partition,100,18,1009,27.0,616.0,656.2437011868466,611.0
planted_partition,100,19,940,17.0,577.0,625.8567807497361,587.0
planted_partition,100,20,988,18.0,603.0,646.3481872818961,600.0
planted_partition,100,21,950,19.0,574.0,626.595755476182,578.0
planted_partition,100,22,968,23.0,585.0,637.9909853899821,613.0
planted_partition,100,23,962,21.0,604.0,637.1790222427192,584.0
planted_partition,100,24,934,22.0,577.0,617.4990558031146,576.0
planted_partition,100,25,992,21.0,604.0,647.8615854909153,600.0
planted_partition,100,26,961,17.0,591.0,633.3155156969681,592.0
planted_partition,100,27,991,14.0,592.0,645.6879232634917,610.0
planted_partition,100,28,1019,24.0,626.0,661.4671199370906,620.0
planted_partition,100,29,991,18.0,600.0,648.2235467794285,597.0
planted_partition,200,0,3946,37.0,2286.0,2419.5025053801437,2322.0
planted_partition,200,1,3966,42.0,2307.0,2421.6654417695136,2306.0
planted_partition,200,2,3930,39.0,2285.0,2410.5490351530034,2301.0
planted_partition,200,3,3899,30.0,2270.0,2393.550124452014,2276.0
planted_partition,200,4,3955,38.0,2279.0,2425.016933348039,2321.0
planted_partition,200,5,3970,42.0,2300.0,2433.8353057169115,2286.0
planted_partition,200,6,4006,42.0,2319.0,2440.882890470485,2321.0
planted_partition,200,7,3932,38.0,2296.0,2400.02405677575,2265.0
planted_partition,200,8,3907,51.0,2266.0,2396.530307549467,2246.0
planted_partition,200,9,4020,41.0,2339.0,2449.1959811407187,2359.0
planted_partition,200,10,3944,44.0,2289.0,2405.7173147544127,2308.0
planted_partition,200,11,3973,36.0,2298.0,2427.0554275092572,2286.0
planted_partition,200,12,3968,46.0,2329.0,2432.364392953309,2279.0
planted_partition,200,13,3887,33.0,2254.0,2379.6814617009313,2262.0
planted_partition,200,14,3869,46.0,2225.0,2380.102889158851,2233.0
planted_partition,200,15,4008,36.0,2312.0,2449.132445148218,2330.0
planted_partition,200,16,3961,38.0,2292.0,2429.5351575605855,2290.0
planted_partition,200,17,3969,34.0,2296.0,2433.921832731796,2303.0
planted_partition,200,18,3919,50.0,2265.0,2403.690052129609,2280.0
planted_partition,200,19,3898,34.0,2263.0,2386.179385320905,2270.0
planted_partition,200,20,3914,36.0,2281.0,2409.413544642478,2289.0
planted_partition,200,21,3967,40.0,2296.0,2429.9826995927406,2337.0
planted_partition,200,22,3891,50.0,2280.0,2388.694942209236,2279.0
planted_partition,200,23,3976,34.0,2314.0,2431.3966376265143,2297.0
planted_partition,200,24,4008,36.0,2328.0,2450.362878084531,2305.0
planted_partition,200,25,3942,37.0,2289.0,2413.0321634769425,2284.0
planted_partition,200,26,3858,37.0,2268.0,2375.128509313594,2249.0
planted_partition,200,27,3930,36.0,2274.0,2406.88361374676,2302.0
planted_partition,200,28,3954,45.0,2289.0,2421.8342070902563,2302.0
planted_partition,200,29,3905,40.0,2269.0,2397.6994541112863,2282.0
random_regular,20,0,30,3.0,26.0,27.475946273265652,25.0
random_regular,20,1,30,3.0,24.0,27.05333037039535,25.0
random_regular,20,2,30,3.0,26.0,28.13132041581,26.0
random_regular,20,3,30,3.0,25.0,27.859473750415347,26.0
random_regular,20,4,30,3.0,24.0,26.305490880268508,24.0
random_regular,20,5,30,3.0,25.0,27.15291753619129,24.0
random_regular,20,6,30,3.0,27.0,27.19116189578083,27.0
random_regular,20,7,30,3.0,24.0,26.49349789349655,25.0
random_regular,20,8,30,3.0,26.0,26.750008168341296,25.0
random_regular,20,9,30,3.0,27.0,27.32422005526868,25.0
random_regular,20,10,30,3.0,25.0,26.62051880662423,24.0
random_regular,20,11,30,3.0,26.0,27.50338869209218,26.0
random_regular,20,12,30,3.0,24.0,26.53387514650215,24.0
random_regular,20,13,30,3.0,24.0,27.376711160313228,26.0
random_regular,20,14,30,3.0,25.0,27.394452458927063,24.0
random_regular,20,15,30,3.0,26.0,28.299288138179996,25.0
random_regular,20,16,30,3.0,25.0,26.281547615559795,24.0
random_regular,20,17,30,3.0,23.0,25.723443748398736,23.0
random_regular,20,18,30,3.0,27.0,27.88094836215538,26.0
random_regular,20,19,30,3.0,26.0,26.987428655978434,24.0
random_regular,20,20,30,3.0,26.0,27.32439724278451,25.0
random_regular,20,21,30,3.0,24.0,27.31080339726894,24.0
random_regular,20,22,30,3.0,24.0,26.85212395633272,25.0
random_regular,20,23,30,3.0,26.0,28.60599606714184,28.0
random_regular,20,24,30,3.0,23.0,27.740213418018943,27.0
random_regular,20,25,30,3.0,24.0,28.110992028674055,28.0
random_regular,20,26,30,3.0,24.0,27.124996193576916,25.0
random_regular,20,27,30,3.0,26.0,27.26627180987864,24.0
random_regular,20,28,30,3.0,25.0,26.568793778619614,24.0
random_regular,20,29,30,3.0,23.0,27.582206818517555,26.0
random_regular,50,0,75,3.0,68.0,71.07478771373081,65.0
random_regular,50,1,75,3.0,65.0,69.15206410809094,63.0
random_regular,50,2,75,3.0,62.0,70.75748680589064,62.0
random_regular,50,3,75,3.0,60.0,71.05582852318513,64.0
random_regular,50,4,75,3.0,63.0,69.49204595365674,66.0
random_regular,50,5,75,3.0,61.0,70.99479326845585,62.0
random_regular,50,6,75,3.0,62.0,69.14841033180413,62.0
random_regular,50,7,75,3.0,63.0,71.60842166962729,66.0
random_regular,50,8,75,3.0,67.0,70.74334930231025,66.0
random_regular,50,9,75,3.0,63.0,68.1071975780676,62.0
random_regular,50,10,75,3.0,63.0,70.45281310672752,63.0
random_regular,50,11,75,3.0,65.0,70.93334708809968,65.0
random_regular,50,12,75,3.0,61.0,69.90095628445411,64.0
random_regular,50,13,75,3.0,65.0,71.21037634167689,64.0
random_regular,50,14,75,3.0,61.0,69.80460462116199,63.0
random_regular,50,15,75,3.0,65.0,69.4407745173265,64.0
random_regular,50,16,75,3.0,62.0,69.6939972933599,59.0
random_regular,50,17,75,3.0,60.0,69.43859807086356,64.0
random_regular,50,18,75,3.0,61.0,70.95602822027007,63.0
random_regular,50,19,75,3.0,64.0,70.8695924164118,67.0
random_regular,50,20,75,3.0,65.0,70.49066493084885,63.0
random_regular,50,21,75,3.0,61.0,70.03374770572586,61.0
random_regular,50,22,75,3.0,63.0,70.02974122915734,61.0
random_regular,50,23,75,3.0,64.0,70.46279886279243,61.0
random_regular,50,24,75,3.0,64.0,70.88745248306242,65.0
random_regular,50,25,75,3.0,69.0,71.77108429216148,61.0
random_regular,50,26,75,3.0,62.0,70.76541052751473,67.0
random_regular,50,27,75,3.0,62.0,70.90386504326106,63.0
random_regular,50,28,75,3.0,65.0,69.67845008798703,60.0
random_regular,50,29,75,3.0,66.0,71.79539237862863,67.0
random_regular,100,0,150,3.0,121.0,141.17339020328228,128.0
random_regular,100,1,150,3.0,131.0,140.57005744586317,128.0
random_regular,100,2,150,3.0,124.0,141.204481914032,125.0
random_regular,100,3,150,3.0,129.0,142.60945004892253,126.0
random_regular,100,4,150,3.0,127.0,142.07564425819282,126.0
random_regular,100,5,150,3.0,124.0,142.58366046816917,124.0
random_regular,100,6,150,3.0,134.0,142.1405400292553,124.0
random_regular,100,7,150,3.0,131.0,140.85436545034878,127.0
random_regular,100,8,150,3.0,126.0,141.95452060037718,128.0
random_regular,100,9,150,3.0,130.0,141.90507473066307,131.0
random_regular,100,10,150,3.0,131.0,142.33457590132127,128.0
random_regular,100,11,150,3.0,122.0,141.18953464536764,126.0
random_regular,100,12,150,3.0,119.0,143.131673288635,130.0
random_regular,100,13,150,3.0,126.0,141.15055845737768,131.0
random_regular,100,14,150,3.0,129.0,141.9181381387341,124.0
random_regular,100,15,150,3.0,125.0,143.2233912408077,124.0
random_regular,100,16,150,3.0,123.0,141.70430499505918,129.0
random_regular,100,17,150,3.0,126.0,141.36161714389084,121.0
random_regular,100,18,150,3.0,123.0,141.47844332480423,130.0
random_regular,100,19,150,3.0,122.0,142.59018274852232,129.0
random_regular,100,20,150,3.0,126.0,141.83185689027033,131.0
random_regular,100,21,150,3.0,127.0,141.7354854351682,129.0
random_regular,100,22,150,3.0,125.0,143.00676246430595,123.0
random_regular,100,23,150,3.0,125.0,141.49488050724233,122.0
random_regular,100,24,150,3.0,126.0,140.85754294595222,128.0
random_regular,100,25,150,3.0,124.0,142.0067304608711,125.0
random_regular,100,26,150,3.0,132.0,143.14512938556885,130.0
random_regular,100,27,150,3.0,126.0,142.99619979362038,129.0
random_regular,100,28,150,3.0,127.0,142.56903371334357,132.0
random_regular,100,29,150,3.0,128.0,140.97470565178844,123.0
random_regular,200,0,300,3.0,267.0,287.8356870365566,247.0
random_regular,200,1,300,3.0,254.0,287.59545323425067,247.0
random_regular,200,2,300,3.0,261.0,287.8634915721369,256.0
random_regular,200,3,300,3.0,255.0,288.8041624176447,260.0
random_regular,200,4,300,3.0,253.0,285.88450968462234,258.0
random_regular,200,5,300,3.0,256.0,285.9970129449155,251.0
random_regular,200,6,300,3.0,258.0,286.2823914302562,253.0
random_regular,200,7,300,3.0,255.0,288.12785242988355,256.0
random_regular,200,8,300,3.0,248.0,286.3785627521363,251.0
random_regular,200,9,300,3.0,252.0,285.7418215992119,261.0
random_regular,200,10,300,3.0,257.0,286.66085947157165,253.0
random_regular,200,11,300,3.0,250.0,286.7762426056545,257.0
random_regular,200,12,300,3.0,246.0,285.9264478878291,260.0
random_regular,200,13,300,3.0,247.0,287.3314813026338,255.0
random_regular,200,14,300,3.0,250.0,284.88248710960363,249.0
random_regular,200,15,300,3.0,254.0,286.0961767200961,254.0
random_regular,200,16,300,3.0,255.0,289.05253685653844,253.0
random_regular,200,17,300,3.0,255.0,286.273010833466,261.0
random_regular,200,18,300,3.0,252.0,285.517020468487,252.0
random_regular,200,19,300,3.0,255.0,286.1411843142628,248.0
random_regular,200,20,300,3.0,254.0,286.47232570415235,253.0
random_regular,200,21,300,3.0,254.0,287.19769422109823,249.0
random_regular,200,22,300,3.0,257.0,286.408009947863,250.0
random_regular,200,23,300,3.0,257.0,286.86490247222207,261.0
random_regular,200,24,300,3.0,250.0,287.31779062508497,251.0
random_regular,200,25,300,3.0,261.0,288.7040782201897,255.0
random_regular,200,26,300,3.0,254.0,286.41791152927374,262.0
random_regular,200,27,300,3.0,252.0,285.4739737611311,259.0
random_regular,200,28,300,3.0,254.0,287.0306399460735,260.0
random_regular,200,29,300,3.0,259.0,286.9531947285203,253.0
barabasi_albert,20,0,51,9.0,38.0,40.82594089183118,37.0
barabasi_albert,20,1,51,5.0,40.0,41.71485493898227,39.0
barabasi_albert,20,2,51,25.0,36.0,40.82150269872513,35.0
barabasi_albert,20,3,51,36.0,39.0,40.395783036043426,39.0
barabasi_albert,20,4,51,3.0,36.0,40.393923473604744,35.0
barabasi_albert,20,5,51,39.0,40.0,41.58145984004997,40.0
barabasi_albert,20,6,51,19.0,33.0,39.55590857678714,33.0
barabasi_albert,20,7,51,4.0,34.0,39.46028292054247,33.0
barabasi_albert,20,8,51,28.0,38.0,41.19393821545473,40.0
barabasi_albert,20,9,51,24.0,37.0,39.31614955803548,35.0
barabasi_albert,20,10,51,31.0,39.0,39.86289373536227,34.0
barabasi_albert,20,11,51,28.0,37.0,38.30022760855523,37.0
barabasi_albert,20,12,51,36.0,37.0,38.53227032961717,34.0
barabasi_albert,20,13,51,32.0,39.0,40.69026036660922,37.0
barabasi_albert,20,14,51,33.0,38.0,40.56121709883916,39.0
barabasi_albert,20,15,51,35.0,38.0,39.933716770956,35.0
barabasi_albert,20,16,51,29.0,37.0,39.8057578531544,37.0
barabasi_albert,20,17,51,10.0,39.0,40.643867239772646,37.0
barabasi_albert,20,18,51,36.0,38.0,39.78556697623921,34.0
barabasi_albert,20,19,51,30.0,38.0,40.33701378313419,38.0
barabasi_albert,20,20,51,6.0,36.0,40.72200033537024,39.0
barabasi_albert,20,21,51,37.0,37.0,39.40777868876568,35.0
barabasi_albert,20,22,51,39.0,39.0,40.28242673431768,34.0
barabasi_albert,20,23,51,19.0,35.0,40.25431213815974,35.0
barabasi_albert,20,24,51,19.0,35.0,39.70082892655136,38.0
barabasi_albert,20,25,51,33.0,38.0,39.86673660191492,33.0
barabasi_albert,20,26,51,30.0,40.0,41.817061160375886,38.0
barabasi_albert,20,27,51,12.0,39.0,39.684966975114605,39.0
barabasi_albert,20,28,51,28.0,38.0,40.221251757739296,35.0
barabasi_albert,20,29,51,9.0,38.0,39.79067495838459,36.0
barabasi_albert,50,0,141,97.0,106.0,115.74500505408724,100.0
barabasi_albert,50,1,141,103.0,103.0,115.39615432332894,103.0
barabasi_albert,50,2,141,96.0,104.0,111.54617436931456,103.0
barabasi_albert,50,3,141,101.0,105.0,111.50374058250122,103.0
barabasi_albert,50,4,141,94.0,105.0,112.170758365816,98.0
barabasi_albert,50,5,141,104.0,105.0,114.32843505158829,99.0
barabasi_albert,50,6,141,93.0,101.0,113.575575622344,105.0
barabasi_albert,50,7,141,98.0,104.0,112.36811471888498,102.0
barabasi_albert,50,8,141,108.0,109.0,114.03378143241932,101.0
barabasi_albert,50,9,141,106.0,106.0,112.29742223385082,100.0
barabasi_albert,50,10,141,93.0,102.0,112.37389177541672,99.0
barabasi_albert,50,11,141,99.0,103.0,110.9241469399842,99.0
barabasi_albert,50,12,141,103.0,104.0,113.11411038501724,104.0
barabasi_albert,50,13,141,97.0,104.0,112.44915705708364,95.0
barabasi_albert,50,14,141,101.0,107.0,113.458980392475,105.0
barabasi_albert,50,15,141,102.0,108.0,113.47472498019604,106.0
barabasi_albert,50,16,141,100.0,106.0,114.56673133760908,97.0
barabasi_albert,50,17,141,101.0,104.0,113.20611098587275,105.0
barabasi_albert,50,18,141,86.0,109.0,112.36459839906274,100.0
barabasi_albert,50,19,141,102.0,107.0,113.52079839737912,107.0
barabasi_albert,50,20,141,105.0,106.0,115.42145949326262,104.0
barabasi_albert,50,21,141,101.0,106.0,113.6049207526402,102.0
barabasi_albert,50,22,141,103.0,107.0,112.1224416882901,102.0
barabasi_albert,50,23,141,102.0,105.0,113.85917956492769,106.0
barabasi_albert,50,24,141,100.0,108.0,112.5867424472782,102.0
barabasi_albert,50,25,141,100.0,107.0,114.658402379039,101.0
barabasi_albert,50,26,141,101.0,107.0,112.78100744006916,104.0
barabasi_albert,50,27,141,101.0,108.0,113.87786336377874,98.0
barabasi_albert,50,28,141,97.0,104.0,114.91315869911818,108.0
barabasi_albert,50,29,141,101.0,106.0,112.36440674380792,101.0
barabasi_albert,100,0,291,190.0,223.0,237.62024396435504,211.0
barabasi_albert,100,1,291,205.0,217.0,240.0511663220589,212.0
barabasi_albert,100,2,291,199.0,218.0,234.21601891320864,208.0
barabasi_albert,100,3,291,204.0,222.0,237.23886263028973,208.0
barabasi_albert,100,4,291,208.0,223.0,237.0672929244139,219.0
barabasi_albert,100,5,291,206.0,219.0,237.9384815611789,209.0
barabasi_albert,100,6,291,195.0,225.0,238.48003978748648,224.0
barabasi_albert,100,7,291,211.0,220.0,236.6730008794148,212.0
barabasi_albert,100,8,291,200.0,215.0,237.031339123354,211.0
barabasi_albert,100,9,291,174.0,220.0,237.656943481495,222.0
barabasi_albert,100,10,291,198.0,215.0,234.0091711694668,206.0
barabasi_albert,100,11,291,201.0,217.0,234.61486534068027,216.0
barabasi_albert,100,12,291,196.0,211.0,237.81939320890456,208.0
barabasi_albert,100,13,291,193.0,215.0,237.74006380669223,217.0
barabasi_albert,100,14,291,213.0,225.0,238.47028157015552,206.0
barabasi_albert,100,15,291,203.0,221.0,238.3592208261008,211.0
barabasi_albert,100,16,291,203.0,224.0,237.54248306095351,205.0
barabasi_albert,100,17,291,189.0,215.0,236.00145540964516,217.0
barabasi_albert,100,18,291,173.0,211.0,237.0708556126384,213.0
barabasi_albert,100,19,291,202.0,220.0,239.43170493404008,204.0
barabasi_albert,100,20,291,204.0,224.0,239.22552052652375,222.0
barabasi_albert,100,21,291,195.0,213.0,237.02307716455823,211.0
barabasi_albert,100,22,291,213.0,220.0,234.9920836991845,211.0
barabasi_albert,100,23,291,211.0,219.0,238.8125243022502,212.0
barabasi_albert,100,24,291,198.0,213.0,233.52563392769991,210.0
barabasi_albert,100,25,291,219.0,223.0,237.6342632886477,211.0
barabasi_albert,100,26,291,191.0,214.0,238.68234934299852,223.0
barabasi_albert,100,27,291,209.0,225.0,238.89506197819327,210.0
barabasi_albert,100,28,291,194.0,213.0,238.18027156740644,206.0
barabasi_albert,100,29,291,206.0,223.0,235.29880850930567,218.0
barabasi_albert,200,0,591,410.0,442.0,487.44986122275907,428.0
barabasi_albert,200,1,591,416.0,446.0,484.8574491771576,425.0
barabasi_albert,200,2,591,414.0,445.0,485.9403619531744,433.0
barabasi_albert,200,3,591,413.0,445.0,489.45353407483685,434.0
barabasi_albert,200,4,591,390.0,434.0,487.58513327188433,428.0
barabasi_albert,200,5,591,414.0,443.0,486.1539074943246,430.0
barabasi_albert,200,6,591,413.0,440.0,484.0365253677838,424.0
barabasi_albert,200,7,591,401.0,454.0,484.6692099754052,435.0
barabasi_albert,200,8,591,409.0,443.0,485.48332201720905,418.0
barabasi_albert,200,9,591,413.0,442.0,485.57100678494896,428.0
barabasi_albert,200,10,591,397.0,437.0,484.5083416633316,432.0
barabasi_albert,200,11,591,396.0,431.0,484.984340706185,425.0
barabasi_albert,200,12,591,394.0,434.0,486.09097759914914,429.0
barabasi_albert,200,13,591,418.0,442.0,487.9778592756722,433.0
barabasi_albert,200,14,591,421.0,444.0,489.25894979715474,429.0
barabasi_albert,200,15,591,393.0,451.0,485.96554406630145,426.0
barabasi_albert,200,16,591,428.0,447.0,488.39671901522297,417.0
barabasi_albert,200,17,591,417.0,443.0,483.16354236637704,436.0
barabasi_albert,200,18,591,397.0,438.0,484.4757465583637,436.0
barabasi_albert,200,19,591,395.0,453.0,486.4185679787643,431.0
barabasi_albert,200,20,591,422.0,451.0,488.3051850649597,423.0
barabasi_albert,200,21,591,401.0,442.0,489.40276922200576,427.0
barabasi_albert,200,22,591,404.0,445.0,483.02352863526863,428.0
barabasi_albert,200,23,591,417.0,445.0,485.3936027073884,439.0
barabasi_albert,200,24,591,418.0,445.0,481.9096069107874,432.0
barabasi_albert,200,25,591,414.0,449.0,485.0218808248315,418.0
barabasi_albert,200,26,591,372.0,442.0,487.1999046975115,442.0
barabasi_albert,200,27,591,415.0,450.0,486.98111010806514,420.0
barabasi_albert,200,28,591,408.0,445.0,485.7938107226345,437.0
barabasi_albert,200,29,591,402.0,450.0,485.7636743548409,437.0
watts_strogatz,20,0,60,6.0,38.0,42.70017611774754,37.0
watts_strogatz,20,1,60,6.0,40.0,43.72780922604501,41.0
watts_strogatz,20,2,60,6.0,40.0,43.999582741484275,38.0
watts_strogatz,20,3,60,6.0,39.0,43.16261174968653,41.0
watts_strogatz,20,4,60,6.0,39.0,43.28550625650675,37.0
watts_strogatz,20,5,60,5.0,40.0,43.919017383311854,43.0
watts_strogatz,20,6,60,7.0,42.0,43.97740947828143,42.0
watts_strogatz,20,7,60,6.0,41.0,43.32018102405587,41.0
watts_strogatz,20,8,60,6.0,39.0,44.57700701960136,40.0
watts_strogatz,20,9,60,6.0,41.0,43.8206520816142,38.0
watts_strogatz,20,10,60,6.0,42.0,44.366465592092155,38.0
watts_strogatz,20,11,60,6.0,41.0,43.581765121237765,39.0
watts_strogatz,20,12,60,6.0,42.0,44.55626404957147,41.0
watts_strogatz,20,13,60,6.0,40.0,43.96369521049591,39.0
watts_strogatz,20,14,60,6.0,41.0,43.78376428816286,38.0
watts_strogatz,20,15,60,6.0,39.0,43.903284532386586,38.0
watts_strogatz,20,16,60,6.0,41.0,43.24830075867004,39.0
watts_strogatz,20,17,60,6.0,40.0,43.62748927355051,40.0
watts_strogatz,20,18,60,6.0,41.0,43.30988888459046,41.0
watts_strogatz,20,19,60,6.0,40.0,44.213960811699096,40.0
watts_strogatz,20,20,60,6.0,39.0,43.45351326371417,41.0
watts_strogatz,20,21,60,6.0,39.0,43.47299747664419,40.0
watts_strogatz,20,22,60,6.0,38.0,44.0256274953103,37.0
watts_strogatz,20,23,60,6.0,40.0,43.723913317602495,41.0
watts_strogatz,20,24,60,6.0,41.0,43.67282446270757,40.0
watts_strogatz,20,25,60,6.0,40.0,43.39286867340658,40.0
watts_strogatz,20,26,60,5.0,43.0,43.35624706931681,40.0
watts_strogatz,20,27,60,6.0,38.0,42.70608759967933,36.0
watts_strogatz,20,28,60,7.0,40.0,44.09285356230919,39.0
watts_strogatz,20,29,60,6.0,40.0,44.901463791231755,43.0
watts_strogatz,50,0,150,6.0,100.0,109.59112634926343,99.0
watts_strogatz,50,1,150,7.0,102.0,109.57599466911114,99.0
watts_strogatz,50,2,150,6.0,104.0,111.4384614363949,98.0
watts_strogatz,50,3,150,5.0,99.0,110.2160862032483,102.0
watts_strogatz,50,4,150,4.0,106.0,112.43857304220192,101.0
watts_strogatz,50,5,150,6.0,102.0,112.34530704739686,101.0
watts_strogatz,50,6,150,6.0,106.0,113.66579562355292,105.0
watts_strogatz,50,7,150,6.0,99.0,108.90698571234608,98.0
watts_strogatz,50,8,150,8.0,102.0,111.83728266384338,101.0
watts_strogatz,50,9,150,6.0,103.0,109.17692010386178,99.0
watts_strogatz,50,10,150,5.0,97.0,110.93729259102876,103.0
watts_strogatz,50,11,150,6.0,104.0,110.8992886606104,102.0
watts_strogatz,50,12,150,6.0,103.0,113.87278176365844,103.0
watts_strogatz,50,13,150,6.0,100.0,109.8656968887788,102.0
watts_strogatz,50,14,150,7.0,105.0,112.26676135491388,98.0
watts_strogatz,50,15,150,5.0,98.0,109.70451859975088,98.0
watts_strogatz,50,16,150,6.0,103.0,111.05480165297492,103.0
watts_strogatz,50,17,150,7.0,105.0,111.37911324752471,96.0
watts_strogatz,50,18,150,6.0,103.0,111.31578534026625,99.0
watts_strogatz,50,19,150,5.0,102.0,111.72954698167322,98.0
watts_strogatz,50,20,150,7.0,99.0,111.57231248880512,101.0
watts_strogatz,50,21,150,6.0,102.0,110.5443818385317,100.0
watts_strogatz,50,22,150,6.0,107.0,111.47804527485664,100.0
watts_strogatz,50,23,150,6.0,105.0,112.3876380702663,103.0
watts_strogatz,50,24,150,6.0,98.0,110.58269774136068,99.0
watts_strogatz,50,25,150,6.0,105.0,112.19223956540122,99.0
watts_strogatz,50,26,150,5.0,99.0,110.59097783421404,100.0
watts_strogatz,50,27,150,6.0,100.0,109.70555080517984,92.0
watts_strogatz,50,28,150,6.0,102.0,111.79804915033986,95.0
watts_strogatz,50,29,150,7.0,101.0,111.14754882509152,96.0
watts_strogatz,100,0,300,6.0,205.0,221.18388659709817,191.0
watts_strogatz,100,1,300,8.0,206.0,222.4927915180965,197.0
watts_strogatz,100,2,300,6.0,203.0,224.25608225044385,199.0
watts_strogatz,100,3,300,6.0,207.0,222.65586425552155,195.0
watts_strogatz,100,4,300,6.0,210.0,228.92500763407503,210.0
watts_strogatz,100,5,300,6.0,212.0,227.87105006042367,203.0
watts_strogatz,100,6,300,7.0,208.0,225.3174361367822,203.0
watts_strogatz,100,7,300,6.0,205.0,221.8555775030215,201.0
watts_strogatz,100,8,300,6.0,201.0,222.81843695557248,202.0
watts_strogatz,100,9,300,6.0,209.0,223.4836833166019,208.0
watts_strogatz,100,10,300,5.0,202.0,222.97297643830808,201.0
watts_strogatz,100,11,300,7.0,199.0,223.57788576116073,200.0
watts_strogatz,100,12,300,6.0,201.0,227.3818226732278,205.0
watts_strogatz,100,13,300,5.0,205.0,224.3762133951983,202.0
watts_strogatz,100,14,300,5.0,205.0,224.72135925770124,202.0
watts_strogatz,100,15,300,6.0,205.0,221.64891426720408,196.0
watts_strogatz,100,16,300,6.0,200.0,223.27007087603607,204.0
watts_strogatz,100,17,300,6.0,210.0,226.1357916206687,197.0
watts_strogatz,100,18,300,6.0,204.0,221.99555984278055,198.0
watts_strogatz,100,19,300,6.0,202.0,224.17178295934156,201.0
watts_strogatz,100,20,300,7.0,209.0,225.1647281922845,197.0
watts_strogatz,100,21,300,6.0,204.0,221.28412679015327,202.0
watts_strogatz,100,22,300,6.0,210.0,225.16952378707495,200.0
watts_strogatz,100,23,300,7.0,204.0,222.78396127391065,200.0
watts_strogatz,100,24,300,6.0,201.0,221.28481860297416,196.0
watts_strogatz,100,25,300,6.0,207.0,222.3265548820878,194.0
watts_strogatz,100,26,300,6.0,202.0,223.47694976159505,196.0
watts_strogatz,100,27,300,6.0,202.0,221.82766556736817,200.0
watts_strogatz,100,28,300,6.0,204.0,224.90680696240335,202.0
watts_strogatz,100,29,300,6.0,207.0,225.561226593917,200.0
watts_strogatz,200,0,600,6.0,411.0,445.82546819032166,397.0
watts_strogatz,200,1,600,5.0,412.0,450.607619427895,402.0
watts_strogatz,200,2,600,7.0,411.0,449.7749836267694,402.0
watts_strogatz,200,3,600,6.0,405.0,448.75906448608526,395.0
watts_strogatz,200,4,600,6.0,413.0,452.3181396255989,401.0
watts_strogatz,200,5,600,6.0,405.0,453.2028018958142,407.0
watts_strogatz,200,6,600,6.0,412.0,448.230604130445,403.0
watts_strogatz,200,7,600,6.0,407.0,448.1641393154702,399.0
watts_strogatz,200,8,600,6.0,415.0,450.53274086248,406.0
watts_strogatz,200,9,600,6.0,403.0,446.3987552373203,399.0
watts_strogatz,200,10,600,5.0,411.0,448.745414972778,391.0
watts_strogatz,200,11,600,6.0,409.0,453.6815491459309,411.0
watts_strogatz,200,12,600,6.0,414.0,449.7654766206464,402.0
watts_strogatz,200,13,600,4.0,412.0,451.4207600909366,407.0
watts_strogatz,200,14,600,6.0,418.0,450.41404843774615,401.0
watts_strogatz,200,15,600,7.0,404.0,446.5975701727137,390.0
watts_strogatz,200,16,600,6.0,410.0,449.55146677669234,406.0
watts_strogatz,200,17,600,6.0,402.0,450.19363221172466,399.0
watts_strogatz,200,18,600,6.0,405.0,449.4723688281866,398.0
watts_strogatz,200,19,600,6.0,407.0,450.6934884982839,402.0
watts_strogatz,200,20,600,7.0,419.0,453.1556793056752,406.0
watts_strogatz,200,21,600,6.0,412.0,448.5097436989936,401.0
watts_strogatz,200,22,600,6.0,407.0,450.9994518193385,407.0
watts_strogatz,200,23,600,6.0,413.0,447.277290593589,390.0
watts_strogatz,200,24,600,6.0,402.0,449.4757482806243,394.0
watts_strogatz,200,25,600,6.0,416.0,447.2860486161302,393.0
watts_strogatz,200,26,600,6.0,414.0,451.7336456952676,410.0
watts_strogatz,200,27,600,5.0,410.0,446.60178089590727,394.0
watts_strogatz,200,28,600,5.0,409.0,454.0301439007376,404.0
watts_strogatz,200,29,600,7.0,414.0,454.0073238744179,409.0
