family,n,instance,m,prop_n,prop_m,prop_density,prop_avg_degree,prop_max_degree,prop_min_degree,prop_degree_std,prop_clustering_coeff,prop_diameter,prop_avg_path_length,prop_spectral_gap,prop_lambda_max_laplacian,prop_algebraic_connectivity,prop_spectral_radius,prop_lambda_min_adj,prop_n_components,random_cut,random_time,greedy_cut,greedy_time,spectral_cut,spectral_time,gw_cut,gw_time,gnn_cut,gnn_time,best_classical_cut,gnn_wins,gnn_relative
erdos_renyi,20,0,29,20,29,0.15263157894736842,2.9,5,1,1.1357816691600546,0.026666666666666665,6,2.705263157894737,0.24227044814818732,6.9992558068371835,0.24227044814818732,3.399015109173168,-2.862584986116812,1,14.0,0.00040291700133820996,23.0,0.00023291599791264161,24.0,0.0005602080054813996,25.0,0.02393037499859929,25.0,0.05151933399611153,25.0,0,1.0
erdos_renyi,20,1,23,20,23,0.12105263157894737,2.3,5,1,1.1445523142259597,0.075,8,3.457894736842105,0.11398448184075398,6.553385309911991,0.11398448184075398,2.8905637744110178,-2.745294293809783,1,11.0,0.00017708300583763048,18.0,0.0001841670018620789,22.0,0.0003191249998053536,22.0,0.011480082997877616,22.0,0.06903220900130691,22.0,0,1.0
erdos_renyi,20,2,31,20,31,0.1631578947368421,3.1,6,1,1.3000000000000003,0.09333333333333334,5,2.542105263157895,0.38842631493502505,7.6837822599207595,0.38842631493502505,3.690302028704494,-2.8841786754507854,1,16.0,0.00020283400226617232,26.0,0.0002374579999013804,26.0,0.0003488750007818453,26.0,0.012500417004048359,26.0,0.07473508399561979,26.0,0,1.0
erdos_renyi,20,3,27,20,27,0.14210526315789473,2.7,6,1,1.2288205727444508,0.25833333333333336,8,3.221052631578947,0.12123221566416832,7.179711562063314,0.12123221566416832,3.264762696100162,-2.7228133102442413,1,15.0,0.00016437500016763806,20.0,0.00022587500279769301,23.0,0.00033562499447725713,23.0,0.01342970800033072,23.0,0.04643116699298844,23.0,0,1.0
erdos_renyi,20,4,30,20,30,0.15789473684210525,3.0,5,1,1.1832159566199232,0.065,8,3.168421052631579,0.1485710033681286,7.795733235343976,0.1485710033681286,3.759634100270338,-3.4748050916249142,1,16.0,0.00016883400530787185,27.0,0.00026375000015832484,28.0,0.0004256669999449514,28.0,0.01816116699774284,28.0,0.04571408300398616,28.0,0,1.0
erdos_renyi,20,5,30,20,30,0.15789473684210525,3.0,6,1,1.51657508881031,0.06166666666666667,7,2.873684210526316,0.18194145359155225,8.086998208985019,0.18194145359155225,4.039069110280627,-3.340052345338568,1,20.0,0.0001842499987105839,28.0,0.00023979199613677338,28.0,0.00031687499722465873,28.0,0.011222958004509564,28.0,0.04753095799969742,28.0,0,1.0
erdos_renyi,20,6,28,20,28,0.14736842105263157,2.8,5,2,1.0770329614269007,0.09666666666666666,6,2.8684210526315788,0.25508174004567924,7.157894056184249,0.25508174004567924,3.2790611729564025,-2.9295070600574302,1,15.0,0.00017429199942853302,24.0,0.0001871250060503371,24.0,0.0003395409949007444,25.0,0.047216541002853774,25.0,0.059955500000796746,25.0,0,1.0
erdos_renyi,20,7,29,20,29,0.15263157894736842,2.9,5,1,1.2609520212918492,0.08166666666666667,7,2.8157894736842106,0.25999050735640006,7.087719523273781,0.25999050735640006,3.6589378338064122,-2.822738919095578,1,12.0,0.0003368339966982603,22.0,0.0005879160016775131,23.0,0.0005437090003397316,25.0,0.009843624997301959,25.0,0.04624195799988229,25.0,0,1.0
erdos_renyi,20,8,28,20,28,0.14736842105263157,2.8,5,2,0.812403840463596,0.185,7,3.068421052631579,0.19566230597972809,6.57277376529263,0.19566230597972809,3.177823987715509,-2.6277248604578,1,15.0,0.00018687500414671376,24.0,0.00020937500084983185,22.0,0.0003257919961470179,24.0,0.011047707994293887,22.0,0.06938641600572737,24.0,0,0.9166666666666666
erdos_renyi,20,9,25,20,25,0.13157894736842105,2.5,5,1,1.118033988749895,0.03833333333333333,7,3.1157894736842104,0.18246333315370364,6.619835331922972,0.18246333315370364,3.079291503503355,-2.7751765481368342,1,9.0,0.00018450000061420724,22.0,0.00020637499983422458,23.0,0.00034833300014724955,23.0,0.010090042000229005,23.0,0.059120416997757275,23.0,0,1.0
erdos_renyi,20,10,39,20,39,0.20526315789473684,3.9,6,1,1.2609520212918492,0.1,4,2.205263157894737,0.7070445401399851,8.446557370178759,0.7070445401399851,4.338155056311934,-3.5813491026002393,1,14.0,0.0001567090002936311,35.0,0.00028620800003409386,35.0,0.0003481250023469329,35.0,0.009491832999628969,35.0,0.061179832999187056,35.0,0,1.0
erdos_renyi,20,11,23,20,23,0.12105263157894737,2.3,4,1,0.9539392014169458,0.06666666666666667,7,3.405263157894737,0.16503701219973316,5.7037283900999585,0.16503701219973316,2.7556860065469455,-2.511188232906306,1,10.0,0.0007463750007445924,17.0,0.0007577500000479631,21.0,0.0012499170043156482,22.0,0.017141916003311053,21.0,0.053681999997934327,22.0,0,0.9545454545454546
erdos_renyi,20,12,34,20,34,0.17894736842105263,3.4,6,1,1.4966629547095764,0.06666666666666667,5,2.4105263157894736,0.4712790508584422,8.120163432543139,0.4712790508584422,4.093877087977313,-3.1580857676919605,1,18.0,0.0026410000064061023,27.0,0.0005486250011017546,29.0,0.0021401250050985254,29.0,0.013877000004868023,29.0,0.04810291700414382,29.0,0,1.0
erdos_renyi,20,13,25,20,25,0.13157894736842105,2.5,6,1,1.2449899597988732,0.11166666666666666,7,3.1315789473684212,0.16953657350606124,7.394636251334349,0.16953657350606124,3.190590499161684,-2.729505914291682,1,10.0,0.0005135419996804558,21.0,0.00022974999592406675,20.0,0.0004563750044326298,23.0,0.013819874999171589,23.0,0.07443979199888417,23.0,0,1.0
erdos_renyi,20,14,28,20,28,0.14736842105263157,2.8,5,1,1.3266499161421599,0.11833333333333333,6,2.9210526315789473,0.1555549213077602,6.975772610984077,0.1555549213077602,3.5625116444341662,-2.62118044502692,1,16.0,0.00015241599612636492,23.0,0.00018683300004340708,22.0,0.00030566700297640637,23.0,0.014859457995044068,22.0,0.06272091600112617,23.0,0,0.9565217391304348
erdos_renyi,20,15,31,20,31,0.1631578947368421,3.1,6,1,1.4106735979665883,0.0,5,2.457894736842105,0.5377593599500745,7.846489224619917,0.5377593599500745,3.6394869412952566,-3.207801904603386,1,19.0,0.00016666599549353123,22.0,0.0002148749990737997,26.0,0.00034204200346721336,28.0,0.009025333005411085,27.0,0.06881495800189441,28.0,0,0.9642857142857143
erdos_renyi,20,16,30,20,30,0.15789473684210525,3.0,8,1,1.5811388300841898,0.20023809523809524,5,2.526315789473684,0.3579396423329934,9.285167735262887,0.3579396423329934,3.7413893092573116,-3.032216729680516,1,15.0,0.0002131670044036582,24.0,0.00023795800370862707,25.0,0.0003604160010581836,25.0,0.01181104099669028,24.0,0.07387866700446466,25.0,0,0.96
erdos_renyi,20,17,30,20,30,0.15789473684210525,3.0,7,1,1.51657508881031,0.21404761904761904,6,2.7736842105263158,0.3170397604019293,8.526490329487185,0.3170397604019293,3.764467462441667,-3.160580653353984,1,15.0,0.0010421659972053021,25.0,0.0008252079933299683,25.0,0.004456042006495409,25.0,0.020118083004490472,25.0,0.06493091700394871,25.0,0,1.0
erdos_renyi,20,18,25,20,25,0.13157894736842105,2.5,6,1,1.5329709716755893,0.08333333333333334,8,3.194736842105263,0.14669287607769074,7.7513466314429476,0.14669287607769074,3.431149367811625,-2.981873922029623,1,13.0,0.00017133299843408167,21.0,0.00020095799845876172,23.0,0.00032700000156182796,23.0,0.013290791001054458,23.0,0.05140229099924909,23.0,0,1.0
erdos_renyi,20,19,25,20,25,0.13157894736842105,2.5,5,1,1.284523257866513,0.14333333333333334,8,3.1894736842105265,0.1443875833667076,6.9300206822354875,0.1443875833667076,3.1167796632245497,-2.8979691614955705,1,7.0,0.00016333299572579563,23.0,0.00022824999905424193,23.0,0.0003340839975862764,23.0,0.013420791998214554,23.0,0.04771845899813343,23.0,0,1.0
erdos_renyi,20,20,29,20,29,0.15263157894736842,2.9,8,1,1.9209372712298547,0.20666666666666664,5,2.536842105263158,0.318301999461033,9.244858002414963,0.318301999461033,3.8955019931394568,-3.117139585140781,1,13.0,0.0001810829999158159,21.0,0.00021266700059641153,25.0,0.0003366249948157929,25.0,0.009455749997869134,25.0,0.049055584000598174,25.0,0,1.0
erdos_renyi,20,21,26,20,26,0.1368421052631579,2.6,4,1,1.0677078252031311,0.0,6,2.973684210526316,0.26092930257951963,6.5395276175915145,0.26092930257951963,3.1165090385068814,-2.913924268183619,1,16.0,0.00015795799845363945,22.0,0.00018504199397284538,23.0,0.0003039169969270006,23.0,0.010172540998610202,23.0,0.04891854200104717,23.0,0,1.0
erdos_renyi,20,22,31,20,31,0.1631578947368421,3.1,7,1,1.5459624833740309,0.12476190476190477,7,2.768421052631579,0.2525188898743188,8.614487174072009,0.2525188898743188,4.017984648803635,-2.9624004900253693,1,15.0,0.00015579199680360034,24.0,0.00019516599422786385,25.0,0.0003132499987259507,25.0,0.010550833001616411,25.0,0.048687416994653177,25.0,0,1.0
erdos_renyi,20,23,30,20,30,0.15789473684210525,3.0,7,1,1.5811388300841898,0.30476190476190473,5,2.5105263157894737,0.4541513282435279,8.487232961945233,0.4541513282435279,3.8621674465498748,-2.7226479227791973,1,16.0,0.00018395799997961149,22.0,0.00018158299644710496,23.0,0.00033141699532279745,24.0,0.008936666999943554,23.0,0.049797624997154344,24.0,0,0.9583333333333334
erdos_renyi,20,24,25,20,25,0.13157894736842105,2.5,5,1,1.284523257866513,0.03,7,3.094736842105263,0.17956100324299715,7.276971547424523,0.17956100324299715,3.264184901957979,-3.0992080190895095,1,18.0,0.00014154199743643403,24.0,0.0001713330057100393,23.0,0.00028158399800304323,24.0,0.009894125003484078,24.0,0.05155650000233436,24.0,0,1.0
erdos_renyi,20,25,25,20,25,0.13157894736842105,2.5,6,1,1.3601470508735443,0.10833333333333332,7,2.9842105263157896,0.20525354858656014,7.259748977729208,0.20525354858656014,3.1761890034061846,-2.700176430508009,1,11.0,0.00015895900287432596,21.0,0.00018637500033946708,22.0,0.00032358399766962975,22.0,0.05856695900001796,22.0,0.05244716699962737,22.0,0,1.0
erdos_renyi,20,26,29,20,29,0.15263157894736842,2.9,6,1,1.445683229480096,0.12166666666666666,6,2.8210526315789473,0.2920344690896385,7.5489393986123146,0.2920344690896385,3.7876421827264726,-2.818284896414054,1,17.0,0.00015279199578799307,22.0,0.0002121659999829717,24.0,0.00030537500424543396,25.0,0.012109708004572894,24.0,0.047764290997292846,25.0,0,0.96
erdos_renyi,20,27,34,20,34,0.17894736842105263,3.4,5,1,1.3564659966250536,0.07166666666666667,4,2.3421052631578947,0.48161706100459584,7.625487611319001,0.48161706100459584,3.9656837844955533,-3.0556572378328637,1,6.0,0.000397000003431458,27.0,0.0003412910009501502,28.0,0.0005467090013553388,28.0,0.00934570900426479,27.0,0.04992504200345138,28.0,0,0.9642857142857143
erdos_renyi,20,28,30,20,30,0.15789473684210525,3.0,6,1,1.3038404810405297,0.19333333333333333,6,2.7473684210526317,0.1985102597734302,7.645549332983208,0.1985102597734302,3.647647432245875,-2.9200666557373456,1,15.0,0.00019041699852095917,24.0,0.00023308299569180235,25.0,0.0003721250031958334,25.0,0.011833625001600012,25.0,0.05099295800027903,25.0,0,1.0
erdos_renyi,20,29,22,20,22,0.11578947368421053,2.2,4,1,0.9273618495495703,0.05,10,3.763157894736842,0.09588028705486758,5.7289321576633805,0.09588028705486758,2.6900052171465663,-2.4908228254504197,1,15.0,0.00017258300067624077,18.0,0.00019445799989625812,21.0,0.00034374999813735485,21.0,0.01421449999907054,20.0,0.05165395899530267,21.0,0,0.9523809523809523
planted_partition,20,0,30,20,30,0.15789473684210525,3.0,5,1,1.0488088481701516,0.32999999999999996,7,3.636842105263158,0.07476673714204016,6.574526132285106,0.07476673714204016,3.391578388765814,-2.6365088309698663,1,18.0,0.00021099999867146835,23.0,0.00022841600002720952,25.0,0.00038787500670878217,25.0,0.017952250003872905,25.0,0.0475430000005872,25.0,0,1.0
planted_partition,20,1,32,20,32,0.16842105263157894,3.2,5,2,0.9273618495495705,0.25166666666666665,5,2.5894736842105264,0.4054879308654433,6.928096524288129,0.4054879308654433,3.553652286701827,-2.8932209689694086,1,17.0,0.00017295900033786893,26.0,0.00021512500097742304,27.0,0.0003606249956646934,27.0,0.01150108400179306,27.0,0.048277041998517234,27.0,0,1.0
planted_partition,20,2,36,20,36,0.18947368421052632,3.6,7,1,1.3928388277184118,0.4302380952380952,6,2.7473684210526317,0.23855642524994217,8.289935844121157,0.23855642524994217,4.213457038129879,-2.627774034236503,1,17.0,0.00015891600196482614,26.0,0.00019866700313286856,27.0,0.0003460830048425123,29.0,0.012977291000424884,28.0,0.050231667002663016,29.0,0,0.9655172413793104
planted_partition,20,3,32,20,32,0.16842105263157894,3.2,6,1,1.2083045973594573,0.15999999999999998,7,2.7473684210526317,0.32107542125206456,7.670885102152666,0.32107542125206456,3.9201353963307897,-2.903127189227464,1,17.0,0.00015949999942677096,25.0,0.00020041599782416597,26.0,0.00032987500162562355,28.0,0.012017041000945028,28.0,0.04898862499976531,28.0,0,1.0
planted_partition,20,4,35,20,35,0.18421052631578946,3.5,6,1,1.2041594578792296,0.31666666666666665,5,2.431578947368421,0.45474633100282635,7.5046241149940895,0.45474633100282635,3.99126396647215,-2.884534840615041,1,19.0,0.00017537499661557376,24.0,0.0002025420035351999,27.0,0.0003785419976338744,28.0,0.010544707998633385,28.0,0.04864900000393391,28.0,0,1.0
planted_partition,20,5,32,20,32,0.16842105263157894,3.2,5,1,1.1224972160321824,0.32666666666666666,6,3.0631578947368423,0.18387341279486982,7.000218409909744,0.18387341279486982,3.8113741419179443,-2.825796147833818,1,15.0,0.00015912499657133594,26.0,0.00020075000065844506,26.0,0.0003261250021751039,27.0,0.01502687500033062,27.0,0.050729415997921024,27.0,0,1.0
planted_partition,20,6,39,20,39,0.20526315789473684,3.9,6,2,1.2206555615733703,0.53,5,2.8210526315789473,0.21231747575054033,7.817885102204069,0.21231747575054033,4.81069936922684,-2.9596155553919044,1,17.0,0.0001521660014986992,26.0,0.00019408300431678072,31.0,0.00033937500120373443,31.0,0.013173457999073435,31.0,0.04937100000097416,31.0,0,1.0
planted_partition,20,7,40,20,40,0.21052631578947367,4.0,7,2,1.2649110640673518,0.4852380952380952,5,2.542105263157895,0.2607771180845721,8.57157890661378,0.2607771180845721,4.40421096925276,-2.79246252459827,1,21.0,0.00016608299483777955,29.0,0.00019512500148266554,31.0,0.0003362499992363155,31.0,0.011044124999898486,30.0,0.047793165998882614,31.0,0,0.967741935483871
planted_partition,20,8,34,20,34,0.17894736842105263,3.4,6,1,1.3564659966250536,0.26666666666666666,6,2.6315789473684212,0.37216886463787757,7.457855463444733,0.37216886463787757,4.186565717911909,-2.7569644717642863,1,18.0,0.00013712499639950693,25.0,0.00017258300067624077,27.0,0.00027470799977891147,27.0,0.011441333997936454,27.0,0.0481308749949676,27.0,0,1.0
planted_partition,20,9,32,20,32,0.16842105263157894,3.2,6,1,1.3638181696985856,0.15833333333333333,6,2.6736842105263157,0.3640618959903477,7.386940898536968,0.3640618959903477,4.066477690535482,-2.628716690618575,1,19.0,0.0001800419995561242,25.0,0.00020375000167405233,25.0,0.00032266599737340584,27.0,0.010319584005628712,27.0,0.048620334004226606,27.0,0,1.0
planted_partition,20,10,40,20,40,0.21052631578947367,4.0,6,2,1.3038404810405297,0.5183333333333333,4,2.4,0.42554366477472166,7.994914781443239,0.42554366477472166,4.374482599779082,-2.9081882032578306,1,16.0,0.00016195899661397561,29.0,0.00022104199888417497,30.0,0.0003369170008227229,30.0,0.012333375001617242,29.0,0.0481173750013113,30.0,0,0.9666666666666667
planted_partition,20,11,39,20,39,0.20526315789473684,3.9,6,1,1.4798648586948742,0.27166666666666667,4,2.268421052631579,0.5880076139057242,8.101266789426134,0.5880076139057242,4.5247911040084,-2.8978721380692267,1,18.0,0.00014329200348583981,30.0,0.00021712500165449455,30.0,0.00032587500027148053,30.0,0.011051958004827611,30.0,0.04872425000212388,30.0,0,1.0
planted_partition,20,12,42,20,42,0.22105263157894736,4.2,6,2,1.2884098726725124,0.375,5,2.4263157894736844,0.36551897555954926,8.44692298363664,0.36551897555954926,4.918854292071686,-2.982267500035644,1,24.0,0.00016966700059128925,28.0,0.0001977079955395311,32.0,0.000342332998116035,33.0,0.00930958399840165,32.0,0.05048637499567121,33.0,0,0.9696969696969697
planted_partition,20,13,31,20,31,0.1631578947368421,3.1,7,1,1.5779733838059498,0.41047619047619044,7,3.0473684210526315,0.1664135950502197,8.3011575087846,0.1664135950502197,3.855844821064512,-2.7776204228741928,1,13.0,0.00015474999963771552,22.0,0.00020537499949568883,26.0,0.00032133299828274176,26.0,0.015117958006158005,26.0,0.049934666996705346,26.0,0,1.0
planted_partition,20,14,34,20,34,0.17894736842105263,3.4,5,1,1.2409673645990857,0.2683333333333333,5,2.610526315789474,0.36661080228056564,7.266093534947057,0.36661080228056564,4.010405228409099,-2.909134766175101,1,16.0,0.00016858300659805536,26.0,0.0002262089983560145,28.0,0.00032658400596119463,28.0,0.011797084000136238,28.0,0.050178042001789436,28.0,0,1.0
planted_partition,20,15,29,20,29,0.15263157894736842,2.9,5,1,0.99498743710662,0.30166666666666664,10,4.184210526315789,0.06055602894683755,6.4459585487901965,0.06055602894683755,3.5073213168791693,-2.3860306956252457,1,17.0,0.0001560829987283796,23.0,0.00021216699678916484,22.0,0.0003293330009910278,24.0,0.009883083002932835,24.0,0.04698791699775029,24.0,0,1.0
planted_partition,20,16,32,20,32,0.16842105263157894,3.2,8,1,1.5033296378372907,0.5104761904761904,7,3.094736842105263,0.10542536602330377,9.155519305097833,0.10542536602330377,4.011350863338252,-2.731618957418735,1,15.0,0.00015287499991245568,23.0,0.00019508299737935886,25.0,0.0003336669979034923,25.0,0.009076792004634626,24.0,0.046593332997872494,25.0,0,0.96
planted_partition,20,17,35,20,35,0.18421052631578946,3.5,5,2,0.8660254037844386,0.12,5,2.4842105263157896,0.46261514367943835,7.381622380921858,0.46261514367943835,3.738625281407682,-3.0662219673377895,1,17.0,0.00015558300219709054,30.0,0.00021016700338805094,28.0,0.0003202090010745451,30.0,0.010594375002256129,29.0,0.04862591699929908,30.0,0,0.9666666666666667
planted_partition,20,18,37,20,37,0.19473684210526315,3.7,7,2,1.452583904633395,0.14047619047619048,4,2.3526315789473684,0.5447246093695032,8.79155904359044,0.5447246093695032,4.3707926625137,-3.280751817480652,1,16.0,0.00014645799819845706,27.0,0.0002405420018476434,31.0,0.0003037080023204908,31.0,0.00955962500302121,31.0,0.04654070799733745,31.0,0,1.0
planted_partition,20,19,33,20,33,0.1736842105263158,3.3,6,1,1.5842979517754858,0.23166666666666663,6,2.8473684210526318,0.24564635456894246,7.762903437038386,0.24564635456894246,4.38658802211831,-2.781924589566795,1,9.0,0.00014745799853699282,24.0,0.00020816599862882867,27.0,0.0003118329987046309,27.0,0.012940583997988142,27.0,0.04601412500051083,27.0,0,1.0
planted_partition,20,20,35,20,35,0.18421052631578946,3.5,6,1,1.2449899597988732,0.44666666666666666,7,3.068421052631579,0.1232558230753551,7.344873337109116,0.1232558230753551,4.004531204220759,-2.6041556852843812,1,25.0,0.00014749999536434188,26.0,0.000186416000360623,27.0,0.000317083002300933,27.0,0.032267041999148205,27.0,0.04781725000066217,27.0,0,1.0
planted_partition,20,21,38,20,38,0.2,3.8,6,1,1.5362291495737217,0.31999999999999995,6,2.431578947368421,0.4103298547557684,7.876914858216008,0.4103298547557684,4.82240727861784,-2.7278273368911186,1,18.0,0.0001486249966546893,28.0,0.00022029200044926256,29.0,0.0003054160042665899,29.0,0.013044667000940535,29.0,0.047038208998856135,29.0,0,1.0
planted_partition,20,22,36,20,36,0.18947368421052632,3.6,7,1,1.8547236990991407,0.43785714285714283,5,2.5157894736842104,0.26278609495016436,8.88560832385829,0.26278609495016436,4.6649015582529785,-2.8778403074116383,1,19.0,0.00016483299987157807,25.0,0.00019041600171476603,27.0,0.0003240000005462207,28.0,0.009187499999825377,28.0,0.04899008400388993,28.0,0,1.0
planted_partition,20,23,38,20,38,0.2,3.8,8,1,1.9390719429665317,0.3538095238095238,5,2.594736842105263,0.3119066551523495,9.080501997490131,0.3119066551523495,5.369045798585165,-3.1393556381640733,1,19.0,0.00014945799921406433,26.0,0.00019112500012852252,30.0,0.00037716700171586126,31.0,0.009231249998265412,30.0,0.048280333998263814,31.0,0,0.967741935483871
planted_partition,20,24,31,20,31,0.1631578947368421,3.1,5,1,1.445683229480096,0.215,7,3.1052631578947367,0.15253888907987662,7.276467211770209,0.15253888907987662,3.882770731749407,-2.9545444697491474,1,18.0,0.0001642499992158264,26.0,0.0002018750019487925,26.0,0.0003128750031464733,26.0,0.008720790996449068,26.0,0.04713366700161714,26.0,0,1.0
planted_partition,20,25,36,20,36,0.18947368421052632,3.6,7,1,1.624807680927192,0.3152380952380952,5,2.4473684210526314,0.44674647946341756,8.425154131477411,0.44674647946341756,4.379959322313763,-3.0238235968623566,1,16.0,0.00014954099606256932,25.0,0.000188584002899006,27.0,0.00029795900627505034,29.0,0.009844584004895296,28.0,0.049282708001555875,29.0,0,0.9655172413793104
planted_partition,20,26,37,20,37,0.19473684210526315,3.7,6,1,1.452583904633395,0.23666666666666666,6,2.473684210526316,0.3964283171525122,8.1121341436798,0.3964283171525122,4.313544251683219,-3.118463927178024,1,14.0,0.0001519170036772266,27.0,0.00024408400349784642,29.0,0.0003257080024923198,30.0,0.01074545799929183,29.0,0.047596709002391435,30.0,0,0.9666666666666667
planted_partition,20,27,40,20,40,0.21052631578947367,4.0,7,2,1.4142135623730951,0.43619047619047613,4,2.3526315789473684,0.525323218226911,8.713605029476533,0.525323218226911,4.615945404741083,-3.122262551957993,1,12.0,0.00017133299843408167,32.0,0.00022470800467999652,32.0,0.0003772909985855222,32.0,0.009742458001710474,32.0,0.0477362909950898,32.0,0,1.0
planted_partition,20,28,42,20,42,0.22105263157894736,4.2,8,2,1.6,0.5163095238095238,5,2.557894736842105,0.28950872831099245,9.276564606711052,0.28950872831099245,5.332036091671627,-2.7740734031979613,1,26.0,0.00015995799913071096,27.0,0.00019737499678740278,31.0,0.00044637500104727224,31.0,0.0111982500020531,31.0,0.04736395800136961,31.0,0,1.0
planted_partition,20,29,38,20,38,0.2,3.8,6,1,1.3638181696985856,0.195,4,2.289473684210526,0.7359782135123109,7.824238845239932,0.7359782135123109,4.400022715766199,-2.980303912656567,1,22.0,0.00016983300156425685,26.0,0.00019541699293768033,32.0,0.0003407080002943985,32.0,0.009096250003494788,32.0,0.049774833998526447,32.0,0,1.0
random_regular,20,0,30,20,30,0.15789473684210525,3.0,3,3,0.0,0.05,5,2.6894736842105265,0.46804203250522014,5.614376227335662,0.46804203250522014,3.0000000000000004,-2.614376227335663,1,22.0,0.00014920900139259174,26.0,0.00023637500271433964,26.0,0.0007115830012480728,26.0,0.008753292000619695,26.0,0.049778749998949934,26.0,0,1.0
random_regular,20,1,30,20,30,0.15789473684210525,3.0,3,3,0.0,0.05,5,2.6578947368421053,0.4148406439506549,5.457940833243233,0.4148406439506549,3.0000000000000004,-2.4579408332432333,1,19.0,0.00023608400078956038,24.0,0.0002182079988415353,25.0,0.0003468329960014671,25.0,0.012836333000450395,25.0,0.048251541003992315,25.0,0,1.0
random_regular,20,2,30,20,30,0.15789473684210525,3.0,3,3,0.0,0.05,5,2.8105263157894735,0.4100413494866611,5.8255078260835536,0.4100413494866611,3.0000000000000013,-2.82550782608355,1,14.0,0.00016112499724840745,25.0,0.0002378329954808578,28.0,0.00029712499963352457,28.0,0.009151291000307538,28.0,0.04737349999777507,28.0,0,1.0
random_regular,20,3,30,20,30,0.15789473684210525,3.0,3,3,0.0,0.0,4,2.6052631578947367,0.5273276984107449,5.5839615048524545,0.5273276984107449,3.0000000000000018,-2.583961504852455,1,13.0,0.00014504200225928798,26.0,0.00018745799752650782,26.0,0.0003149579933960922,26.0,0.010087458002089988,26.0,0.047031916001287755,26.0,0,1.0
random_regular,20,4,30,20,30,0.15789473684210525,3.0,3,3,0.0,0.0,4,2.5526315789473686,0.584176862513547,5.623615303910836,0.584176862513547,2.9999999999999996,-2.623615303910835,1,14.0,0.00014433299656957388,26.0,0.00020295799913583323,26.0,0.00028908300009788945,26.0,0.009449999997741543,26.0,0.04673404200002551,26.0,0,1.0
random_regular,20,5,30,20,30,0.15789473684210525,3.0,3,3,0.0,0.0,4,2.5526315789473686,0.6954117260533074,5.630892184065913,0.6954117260533074,3.0,-2.6308921840659143,1,15.0,0.00015637499745935202,25.0,0.000196457993297372,26.0,0.0003151659984723665,26.0,0.00966441700438736,26.0,0.042327291004767176,26.0,0,1.0
random_regular,20,6,30,20,30,0.15789473684210525,3.0,3,3,0.0,0.05,5,2.710526315789474,0.5226969192196131,5.823540643837262,0.5226969192196131,2.9999999999999996,-2.8235406438372634,1,12.0,0.00018324999837204814,26.0,0.00022233299387153238,28.0,0.0003199580023647286,28.0,0.009389332997670863,28.0,0.036417292001715396,28.0,0,1.0
random_regular,20,7,30,20,30,0.15789473684210525,3.0,3,3,0.0,0.1,6,2.8421052631578947,0.3191022936545317,5.679064958875651,0.3191022936545317,3.0,-2.679064958875651,1,17.0,0.0001916659966809675,24.0,0.00021904199820710346,26.0,0.0003830420027952641,26.0,0.010208291001617908,26.0,0.03776424999523442,26.0,0,1.0
random_regular,20,8,30,20,30,0.15789473684210525,3.0,3,3,0.0,0.05,5,2.7263157894736842,0.4126609544764677,5.686856925999788,0.4126609544764677,3.0000000000000018,-2.6868569259997845,1,17.0,0.0001837919990066439,26.0,0.00024191699776565656,27.0,0.00038862499786773697,27.0,0.010185666003962979,26.0,0.03698950000398327,27.0,0,0.9629629629629629
random_regular,20,9,30,20,30,0.15789473684210525,3.0,3,3,0.0,0.15,5,2.6578947368421053,0.5297025951890313,5.412802866794724,0.5297025951890313,3.000000000000001,-2.4128028667947232,1,19.0,0.00020195900287944824,25.0,0.00023904200497781858,25.0,0.0003643750023911707,25.0,0.009279791993321851,25.0,0.038208291996852495,25.0,0,1.0
random_regular,20,10,30,20,30,0.15789473684210525,3.0,3,3,0.0,0.15,5,2.8105263157894735,0.3576105086897314,5.6016304946807125,0.3576105086897314,3.0,-2.6016304946807125,1,10.0,0.00018941700545838103,24.0,0.0002331669966224581,26.0,0.0003514580021146685,26.0,0.008580416993936524,26.0,0.04264720799983479,26.0,0,1.0
random_regular,20,11,30,20,30,0.15789473684210525,3.0,3,3,0.0,0.1,5,2.8473684210526318,0.3599562159879794,5.618055103375113,0.3599562159879794,3.0000000000000013,-2.618055103375112,1,17.0,0.00015249999705702066,25.0,0.00023870799486758187,26.0,0.00031320800189860165,26.0,0.008920917003706563,26.0,0.04204279199620942,26.0,0,1.0
random_regular,20,12,30,20,30,0.15789473684210525,3.0,3,3,0.0,0.0,5,2.6526315789473682,0.5385352865171344,5.796608839913219,0.5385352865171344,2.9999999999999996,-2.796608839913217,1,19.0,0.00014195800031302497,28.0,0.000222250004298985,28.0,0.00028508399554993957,28.0,0.008787124999798834,28.0,0.04366404099710053,28.0,0,1.0
random_regular,20,13,30,20,30,0.15789473684210525,3.0,3,3,0.0,0.05,5,2.736842105263158,0.39597737653643733,5.7129952995584565,0.39597737653643733,3.000000000000001,-2.7129952995584565,1,13.0,0.00013133299944456667,26.0,0.0001857919996837154,27.0,0.0002806249976856634,27.0,0.008662542000820395,27.0,0.04008508299739333,27.0,0,1.0
random_regular,20,14,30,20,30,0.15789473684210525,3.0,3,3,0.0,0.15,5,2.731578947368421,0.45740859744613993,5.544761103716341,0.45740859744613993,2.999999999999999,-2.5447611037163393,1,15.0,0.0001356249995296821,25.0,0.0002078340039588511,25.0,0.00028575000033015385,25.0,0.008698624995304272,25.0,0.04034262500499608,25.0,0,1.0
random_regular,20,15,30,20,30,0.15789473684210525,3.0,3,3,0.0,0.05,5,2.636842105263158,0.5850983663299567,5.8163893054766485,0.5850983663299567,3.0,-2.816389305476649,1,19.0,0.0001579589952598326,28.0,0.0002725830054259859,28.0,0.00030541599699063227,28.0,0.008617500003310852,28.0,0.03884737499902258,28.0,0,1.0
random_regular,20,16,30,20,30,0.15789473684210525,3.0,3,3,0.0,0.2,7,3.163157894736842,0.1792626188092323,5.674640006335167,0.1792626188092323,2.9999999999999996,-2.674640006335164,1,15.0,0.0001446249953005463,24.0,0.00018770799943013117,26.0,0.0002900830004364252,26.0,0.01046837500325637,26.0,0.03936391600291245,26.0,0,1.0
random_regular,20,17,30,20,30,0.15789473684210525,3.0,3,3,0.0,0.05,5,2.6210526315789475,0.5270170860709565,5.590165524159215,0.5270170860709565,3.0,-2.590165524159218,1,11.0,0.00015145799989113584,25.0,0.00019316600082674995,26.0,0.00036125000042375177,26.0,0.010878417000640184,26.0,0.03821066599630285,26.0,0,1.0
random_regular,20,18,30,20,30,0.15789473684210525,3.0,3,3,0.0,0.0,5,2.636842105263158,0.49316735708368015,5.845570428496811,0.49316735708368015,3.0000000000000027,-2.8455704284968135,1,21.0,0.00015704199904575944,28.0,0.00020304200006648898,28.0,0.00030158399749780074,28.0,0.009722499999043066,28.0,0.03887758400378516,28.0,0,1.0
random_regular,20,19,30,20,30,0.15789473684210525,3.0,3,3,0.0,0.15,6,2.8210526315789473,0.31057173283323486,5.546283319717503,0.31057173283323486,2.999999999999999,-2.5462833197175043,1,10.0,0.00016391700046369806,24.0,0.0002635420023580082,26.0,0.0003261659949203022,26.0,0.009485750000749249,26.0,0.041335792004247196,26.0,0,1.0
random_regular,20,20,30,20,30,0.15789473684210525,3.0,3,3,0.0,0.2,6,2.8263157894736843,0.3361392792752491,5.692353560089017,0.3361392792752491,3.0000000000000013,-2.6923535600890176,1,21.0,0.00018495899712434039,23.0,0.00017549999756738544,27.0,0.00031129099807003513,27.0,0.007879125005274545,27.0,0.03961912499653408,27.0,0,1.0
random_regular,20,21,30,20,30,0.15789473684210525,3.0,3,3,0.0,0.15,6,2.889473684210526,0.2967528353649258,5.6062869054257325,0.2967528353649258,3.0000000000000013,-2.6062869054257325,1,14.0,0.00016945799870882183,25.0,0.000283041998045519,26.0,0.0003612080035964027,26.0,0.009149165998678654,26.0,0.03922466700169025,26.0,0,1.0
random_regular,20,22,30,20,30,0.15789473684210525,3.0,3,3,0.0,0.1,6,2.831578947368421,0.28007248317328726,5.6659950490802204,0.28007248317328726,3.0000000000000004,-2.665995049080224,1,15.0,0.00014983299479354173,27.0,0.00020312500419095159,27.0,0.0003125000002910383,27.0,0.008021166999242269,27.0,0.0418130839971127,27.0,0,1.0
random_regular,20,23,30,20,30,0.15789473684210525,3.0,3,3,0.0,0.15,5,2.763157894736842,0.32036067887574543,5.577021593872059,0.32036067887574543,3.000000000000001,-2.577021593872055,1,17.0,0.00015004199667600915,26.0,0.00020637499983422458,26.0,0.0003155839949613437,26.0,0.008187250001356006,24.0,0.04251470899907872,26.0,0,0.9230769230769231
random_regular,20,24,30,20,30,0.15789473684210525,3.0,3,3,0.0,0.1,5,2.8157894736842106,0.41854764309296805,5.613230445836388,0.41854764309296805,3.0000000000000004,-2.6132304458363858,1,17.0,0.00013366600614972413,25.0,0.00019570899894461036,26.0,0.00026833300216821954,26.0,0.009377290996781085,26.0,0.0428147499987972,26.0,0,1.0
random_regular,20,25,30,20,30,0.15789473684210525,3.0,3,3,0.0,0.1,6,2.789473684210526,0.36017216807861674,5.643893532798072,0.36017216807861674,3.000000000000001,-2.6438935327980726,1,12.0,0.00013475000014295802,26.0,0.00016795900592114776,26.0,0.00031441600003745407,26.0,0.008852250000927597,26.0,0.039771083000232466,26.0,0,1.0
random_regular,20,26,30,20,30,0.15789473684210525,3.0,3,3,0.0,0.05,4,2.610526315789474,0.6395866531905121,5.659301331085784,0.6395866531905121,3.0000000000000004,-2.6593013310857865,1,16.0,0.00017787500109989196,25.0,0.00022624999837717041,26.0,0.000359416997525841,26.0,0.009083625001949258,26.0,0.05157612499897368,26.0,0,1.0
random_regular,20,27,30,20,30,0.15789473684210525,3.0,3,3,0.0,0.0,5,2.642105263157895,0.5029694731466665,5.689431619447116,0.5029694731466665,3.0,-2.6894316194471117,1,9.0,0.00028608400316443294,25.0,0.00022975000320002437,27.0,0.0003631250001490116,27.0,0.011461333997431211,27.0,0.05094883299898356,27.0,0,1.0
random_regular,20,28,30,20,30,0.15789473684210525,3.0,3,3,0.0,0.2,6,3.0157894736842104,0.20576492971566723,5.4571499327522925,0.20576492971566723,3.0000000000000013,-2.4571499327522925,1,17.0,0.000167500002135057,25.0,0.00022112500300863758,26.0,0.000321083003655076,26.0,0.013696583002456464,26.0,0.03980404200410703,26.0,0,1.0
random_regular,20,29,30,20,30,0.15789473684210525,3.0,3,3,0.0,0.2,6,3.1052631578947367,0.24902691122914059,5.629058784539608,0.24902691122914059,3.0000000000000027,-2.6290587845396067,1,21.0,0.0001506670014350675,25.0,0.00020191700605209917,26.0,0.000295916004688479,26.0,0.010929208998277318,26.0,0.04459945899725426,26.0,0,1.0
barabasi_albert,20,0,51,20,51,0.26842105263157895,5.1,11,3,2.6057628441590763,0.39277056277056277,3,1.8526315789473684,1.7567013720896643,12.436582197055177,1.7567013720896643,6.13044521371336,-3.8352831893418684,1,30.0,0.0001862499993876554,33.0,0.0002234999992651865,38.0,0.0003892500026267953,41.0,0.00977654199959943,41.0,0.04128695799590787,41.0,0,1.0
barabasi_albert,20,1,51,20,51,0.26842105263157895,5.1,10,3,2.233830790368868,0.3487698412698413,3,1.8631578947368421,1.671761985285304,11.788166456825627,1.671761985285304,5.887724412450831,-3.8164368419147072,1,32.0,0.00022454200370702893,32.0,0.00019641599647002295,38.0,0.00039858299714978784,39.0,0.011055167000449728,39.0,0.038420916003815364,39.0,0,1.0
barabasi_albert,20,2,51,20,51,0.26842105263157895,5.1,10,1,2.487971060924946,0.40750000000000003,4,1.8842105263157896,0.8313474459352457,11.720090499547162,0.8313474459352457,6.119082113810395,-3.4186942541371717,1,26.0,0.00015854099910939112,34.0,0.00021854199439985678,38.0,0.00036883300344925374,38.0,0.01087754200125346,35.0,0.03658962500048801,38.0,0,0.9210526315789473
barabasi_albert,20,3,51,20,51,0.26842105263157895,5.1,9,3,1.9209372712298545,0.25357142857142856,3,1.8736842105263158,1.6370211731867224,11.04276236529279,1.6370211731867224,5.8339628685784195,-3.368932904542599,1,28.0,0.0001626250013941899,37.0,0.0002210420061601326,37.0,0.0003759579994948581,39.0,0.010297207998519298,39.0,0.039622666998184286,39.0,0,1.0
barabasi_albert,20,4,51,20,51,0.26842105263157895,5.1,12,3,2.3,0.4060894660894661,3,1.9105263157894736,1.3545549192886759,13.254056107855645,1.3545549192886759,6.0280235725124784,-3.492751571292481,1,29.0,0.000150040999869816,39.0,0.00020841600053245202,38.0,0.00034958300238940865,39.0,0.010066041002573911,38.0,0.04051954199530883,39.0,0,0.9743589743589743
barabasi_albert,20,5,51,20,51,0.26842105263157895,5.1,12,2,2.7910571473905725,0.3844949494949495,3,1.868421052631579,1.2669208034735775,13.303328105669136,1.2669208034735775,6.36245724682172,-3.428471510744167,1,30.0,0.00014358299813466147,36.0,0.00019075000454904512,38.0,0.0003287920044385828,38.0,0.010647041999618523,37.0,0.03973200000473298,38.0,0,0.9736842105263158
barabasi_albert,20,6,51,20,51,0.26842105263157895,5.1,12,1,2.7,0.3546789321789322,3,1.894736842105263,0.9535576714534503,13.29975456820653,0.9535576714534503,6.303093741157846,-3.7055622629426668,1,25.0,0.00015279099898179993,38.0,0.0002670419999049045,39.0,0.000418167001043912,39.0,0.009810791998461355,38.0,0.03861025000514928,39.0,0,0.9743589743589743
barabasi_albert,20,7,51,20,51,0.26842105263157895,5.1,13,3,2.808914381037628,0.34877539127539126,3,1.8578947368421053,1.5277184256169225,14.132270974598578,1.5277184256169225,6.371117375460093,-3.4815283901558844,1,27.0,0.00016458300524391234,38.0,0.00024058300186879933,36.0,0.00037479200545931235,38.0,0.009579749996191822,38.0,0.040262916998472065,38.0,0,1.0
barabasi_albert,20,8,51,20,51,0.26842105263157895,5.1,9,3,2.32163735324878,0.3089285714285714,3,1.8421052631578947,1.937490969665445,11.151572076331837,1.937490969665445,5.866456477461842,-3.6838474933584724,1,31.0,0.00018279200594406575,37.0,0.0002857910003513098,38.0,0.00048683299974072725,40.0,0.008255291999375913,38.0,0.03941062500234693,40.0,0,0.95
barabasi_albert,20,9,51,20,51,0.26842105263157895,5.1,11,1,2.5865034312755126,0.39006132756132755,4,1.931578947368421,0.8753262441689285,12.321008434364781,0.8753262441689285,6.270247685107965,-3.53928161333923,1,28.0,0.00015141699986997992,34.0,0.00025745899620233104,36.0,0.0007684169977437705,39.0,0.008633500001451466,36.0,0.045359208997979295,39.0,0,0.9230769230769231
barabasi_albert,20,10,51,20,51,0.26842105263157895,5.1,12,3,2.118962010041709,0.25587662337662337,3,1.9052631578947368,1.56621287356951,13.301102660756946,1.56621287356951,5.896008491699634,-3.946254143238016,1,22.0,0.00014520799595629796,39.0,0.00025633299810579047,40.0,0.00033383399568265304,41.0,0.008643499997560866,40.0,0.0393013749999227,41.0,0,0.975609756097561
barabasi_albert,20,11,51,20,51,0.26842105263157895,5.1,9,3,2.2561028345356955,0.33706349206349207,3,1.8578947368421053,1.6874424757365307,11.289244944128892,1.6874424757365307,5.903926996414252,-3.7804921377412657,1,26.0,0.00016395800048485398,37.0,0.0002494590007700026,38.0,0.0003650409998954274,40.0,0.00896962499973597,40.0,0.041277792006439995,40.0,0,1.0
barabasi_albert,20,12,51,20,51,0.26842105263157895,5.1,14,2,2.8792360097775935,0.4543559218559219,3,1.8631578947368421,1.5814475791345852,15.121077178478535,1.5814475791345852,6.371515302615583,-3.628563730118809,1,29.0,0.0001436669990653172,36.0,0.00019237500237068161,38.0,0.00033187500230269507,39.0,0.009969332997570746,38.0,0.038744458004657645,39.0,0,0.9743589743589743
barabasi_albert,20,13,51,20,51,0.26842105263157895,5.1,11,3,2.7,0.4207756132756133,3,1.8473684210526315,1.5808374176109,12.83445755754749,1.5808374176109,6.223879927681121,-3.536299020890342,1,24.0,0.00013504200614988804,38.0,0.00019108299602521583,38.0,0.00032004199601942673,38.0,0.00900891700439388,38.0,0.038449792002211325,38.0,0,1.0
barabasi_albert,20,14,51,20,51,0.26842105263157895,5.1,10,3,2.3853720883753127,0.29115079365079366,3,1.8473684210526315,1.8794571346208198,11.913628850377027,1.8794571346208198,6.002077124097006,-4.099643750892901,1,25.0,0.00014450000162469223,35.0,0.00023329199757426977,40.0,0.0003589999978430569,40.0,0.00899412499711616,40.0,0.03957804200035753,40.0,0,1.0
barabasi_albert,20,15,51,20,51,0.26842105263157895,5.1,13,1,2.913760456866693,0.4398501498501498,3,1.8368421052631578,0.9609163198948146,14.273939375599317,0.9609163198948146,6.364358221229848,-3.2146579774828385,1,25.0,0.00014083299902267754,34.0,0.00019854099809890613,35.0,0.0003349580001668073,38.0,0.009232582997356076,38.0,0.0397235419950448,38.0,0,1.0
barabasi_albert,20,16,51,20,51,0.26842105263157895,5.1,13,3,2.662705391138869,0.4446062271062271,3,1.8736842105263158,1.5485913991175309,14.14019271400347,1.5485913991175309,6.249736594468095,-3.373848241176772,1,17.0,0.0001331670064246282,36.0,0.0002202500036219135,36.0,0.00034729199978755787,38.0,0.008904041002097074,36.0,0.041333458000735845,38.0,0,0.9473684210526315
barabasi_albert,20,17,51,20,51,0.26842105263157895,5.1,11,1,2.7367864366808017,0.2898232323232323,3,1.8578947368421053,0.9423439598356232,12.81336793563085,0.9423439598356232,6.282706688906144,-3.9486869686926336,1,24.0,0.00013995800691191107,37.0,0.00022587500279769301,40.0,0.0003262919999542646,40.0,0.009732457998325117,40.0,0.04197004200250376,40.0,0,1.0
barabasi_albert,20,18,51,20,51,0.26842105263157895,5.1,11,3,2.2561028345356955,0.39234487734487733,4,1.868421052631579,1.5884764201982864,12.543169984157965,1.5884764201982864,5.882526695473899,-3.752985011084203,1,26.0,0.00015333299961639568,38.0,0.00020862500241491944,38.0,0.0003431669974816032,39.0,0.009431582999241073,39.0,0.04020354199747089,39.0,0,1.0
barabasi_albert,20,19,51,20,51,0.26842105263157895,5.1,13,1,2.754995462791182,0.3554456654456654,3,1.8578947368421053,0.8660796754014102,14.138714705922983,0.8660796754014102,6.308657364227857,-3.511943005188995,1,23.0,0.0001362919938401319,38.0,0.0003025419937330298,39.0,0.0007322089950321242,39.0,0.008595958002842963,38.0,0.04029483399790479,39.0,0,0.9743589743589743
barabasi_albert,20,20,51,20,51,0.26842105263157895,5.1,15,2,2.930870177950569,0.4826587301587302,3,1.8210526315789475,1.4824446505537061,16.091634272243788,1.4824446505537061,6.327563406490125,-3.5184274917644354,1,27.0,0.00017404100071871653,34.0,0.00022416599676944315,37.0,0.00045208300434751436,38.0,0.008606999996118248,36.0,0.0432398339980864,38.0,0,0.9473684210526315
barabasi_albert,20,21,51,20,51,0.26842105263157895,5.1,12,2,2.808914381037628,0.4348232323232323,3,1.8789473684210527,1.699679657042211,13.321905286689535,1.699679657042211,6.3059586794786515,-3.6553281291132493,1,27.0,0.0001482500010752119,38.0,0.00021016599930590019,39.0,0.00035308400401845574,40.0,0.008477457995468285,38.0,0.04495254200446652,40.0,0,0.95
barabasi_albert,20,22,51,20,51,0.26842105263157895,5.1,11,2,2.662705391138869,0.3730844155844156,3,1.8894736842105264,1.4435881713210619,12.609952560251033,1.4435881713210619,6.23599908412364,-3.4820076813001277,1,27.0,0.0001798329976736568,38.0,0.0002357499979552813,38.0,0.0003548749955371022,39.0,0.009222790999046993,38.0,0.04177566699945601,39.0,0,0.9743589743589743
barabasi_albert,20,23,51,20,51,0.26842105263157895,5.1,11,3,2.2561028345356955,0.3583658008658009,3,1.8736842105263158,1.7946135034205088,12.513988676487402,1.7946135034205088,5.9203426358127444,-3.4634484450191296,1,24.0,0.0001525839979876764,35.0,0.0002998749987455085,37.0,0.00036858400562778115,39.0,0.00971945900528226,37.0,0.04071670800476568,39.0,0,0.9487179487179487
barabasi_albert,20,24,51,20,51,0.26842105263157895,5.1,12,2,2.826658805020514,0.3417821067821068,3,1.831578947368421,1.342131118695782,13.45250638245452,1.342131118695782,6.257520372695524,-3.830482170722266,1,28.0,0.00015620899648638442,36.0,0.00021445799939101562,39.0,0.0007328339997911826,40.0,0.00854016600351315,39.0,0.039886042002763133,40.0,0,0.975
barabasi_albert,20,25,51,20,51,0.26842105263157895,5.1,13,3,2.6057628441590763,0.39328338328338325,3,1.8789473684210527,1.4108265212091047,14.171148966422093,1.4108265212091047,6.198076991797161,-3.5322665964319597,1,26.0,0.00023587499890709296,38.0,0.00023133400100050494,38.0,0.0004848340031458065,38.0,0.008368083006644156,37.0,0.04128220800339477,38.0,0,0.9736842105263158
barabasi_albert,20,26,51,20,51,0.26842105263157895,5.1,13,3,2.3430749027719964,0.3118131868131868,3,1.8210526315789475,1.5334550285735664,14.254432244283342,1.5334550285735664,5.890308710542119,-4.070718623109496,1,28.0,0.00015879100101301447,39.0,0.00019837500440189615,37.0,0.0003431669974816032,39.0,0.00900879199616611,39.0,0.03956662499695085,39.0,0,1.0
barabasi_albert,20,27,51,20,51,0.26842105263157895,5.1,14,3,2.8442925306655784,0.4097985347985348,3,1.8368421052631578,1.532549644514517,15.165339440271742,1.532549644514517,6.3138178862323375,-3.4446720217030053,1,10.0,0.00015516599523834884,36.0,0.00019174999761162326,37.0,0.0003349580001668073,38.0,0.007812750001903623,37.0,0.0386967089943937,38.0,0,0.9736842105263158
barabasi_albert,20,28,51,20,51,0.26842105263157895,5.1,11,2,2.4879710609249455,0.32784992784992784,3,1.8526315789473684,1.766785290488039,12.501003728074375,1.766785290488039,6.073108991740753,-3.613193212950777,1,29.0,0.00022229200112633407,39.0,0.0002553329977672547,34.0,0.0004174170026089996,39.0,0.008439208002528176,39.0,0.04014537500188453,39.0,0,1.0
barabasi_albert,20,29,51,20,51,0.26842105263157895,5.1,8,3,1.8138357147217055,0.26940476190476187,3,1.9105263157894736,1.4261552608437316,11.019878713442086,1.4261552608437316,5.720584255992522,-4.103053356236273,1,30.0,0.00015566700312774628,39.0,0.0002271249977638945,40.0,0.00030012500064913183,40.0,0.008657999998831656,40.0,0.045069915999192744,40.0,0,1.0
watts_strogatz,20,0,60,20,60,0.3157894736842105,6.0,7,5,0.6324555320336759,0.4473809523809524,3,1.8421052631578947,1.5899543871930064,9.513827449679354,1.5899543871930064,6.067461184615722,-3.2337760860417677,1,33.0,0.0001737909988150932,40.0,0.00022812499810243025,44.0,0.00034700000105658546,44.0,0.009884291001071688,44.0,0.03972020799847087,44.0,0,1.0
watts_strogatz,20,1,60,20,60,0.3157894736842105,6.0,8,5,0.7745966692414834,0.48654761904761906,4,1.9105263157894736,1.498839280391921,9.672560981674897,1.498839280391921,6.090103939851915,-3.046606290020806,1,38.0,0.0001821670011850074,39.0,0.0003934170017600991,41.0,0.0004403750062920153,42.0,0.010807957994984463,42.0,0.03973966700141318,42.0,0,1.0
watts_strogatz,20,2,60,20,60,0.3157894736842105,6.0,7,5,0.5477225575051661,0.5352380952380952,3,1.9421052631578948,1.4136489702608828,9.281677504093434,1.4136489702608828,6.047743624264106,-2.9073344881646332,1,28.0,0.00018662500224309042,41.0,0.0003097500011790544,39.0,0.0005029169988119975,42.0,0.011984583004959859,41.0,0.04005666699958965,42.0,0,0.9761904761904762
watts_strogatz,20,3,60,20,60,0.3157894736842105,6.0,7,5,0.5477225575051661,0.5147619047619048,4,2.0,1.2222962901876313,9.760622700053284,1.2222962901876313,6.059025748539834,-3.3140973549771986,1,28.0,0.00017704199854051694,37.0,0.00023966700246091932,41.0,0.00039020899566821754,42.0,0.009297207994677592,41.0,0.04015433399763424,42.0,0,0.9761904761904762
watts_strogatz,20,4,60,20,60,0.3157894736842105,6.0,9,5,0.8366600265340756,0.5473015873015873,4,1.9789473684210526,1.347889819621981,10.421445540369223,1.347889819621981,6.11636671211184,-2.888750627275948,1,33.0,0.00018283299868926406,41.0,0.00025745900347828865,39.0,0.0004268339980626479,41.0,0.010226207996311132,40.0,0.04224712499853922,41.0,0,0.975609756097561
watts_strogatz,20,5,60,20,60,0.3157894736842105,6.0,7,5,0.7071067811865476,0.49857142857142855,4,1.9473684210526316,1.3579831560234896,9.479126626230288,1.3579831560234896,6.116198243701726,-3.062112484210947,1,34.0,0.00017425000260118395,40.0,0.00025587499840185046,42.0,0.00037895800051046535,42.0,0.011076249997131526,40.0,0.046608333999756724,42.0,0,0.9523809523809523
watts_strogatz,20,6,60,20,60,0.3157894736842105,6.0,7,5,0.4472135954999579,0.5411904761904761,4,2.026315789473684,1.2418650225703756,9.401719628538814,1.2418650225703756,6.030075061415357,-3.1542510211043733,1,26.0,0.0001646250020712614,35.0,0.0002324579982087016,42.0,0.000356249998731073,42.0,0.009453625003516208,42.0,0.0471449169999687,42.0,0,1.0
watts_strogatz,20,7,60,20,60,0.3157894736842105,6.0,7,5,0.6324555320336759,0.4711904761904762,3,1.9052631578947368,1.5463869170768765,9.166104877278064,1.5463869170768765,6.108335033893668,-3.036017478190799,1,33.0,0.00013441700139082968,40.0,0.00026737500593299046,41.0,0.0003668749995995313,42.0,0.009375624998938292,40.0,0.04605174999596784,42.0,0,0.9523809523809523
watts_strogatz,20,8,60,20,60,0.3157894736842105,6.0,7,5,0.6324555320336759,0.4821428571428571,3,1.868421052631579,1.6829873042562695,9.790482400724953,1.6829873042562695,6.078875771898536,-3.3595810651037623,1,30.0,0.00015041600272525102,38.0,0.0002041670013568364,43.0,0.0003495839991956018,43.0,0.008706040993274655,42.0,0.0449371249997057,43.0,0,0.9767441860465116
watts_strogatz,20,9,60,20,60,0.3157894736842105,6.0,7,5,0.5477225575051661,0.5126190476190475,4,1.9473684210526316,1.445672399360142,9.259848607579993,1.445672399360142,6.046382383372563,-2.9155613442015778,1,32.0,0.000149583000165876,37.0,0.00021754200133727863,42.0,0.0003254589973948896,42.0,0.008868500000971835,39.0,0.04249108300427906,42.0,0,0.9285714285714286
watts_strogatz,20,10,60,20,60,0.3157894736842105,6.0,7,4,0.8366600265340756,0.4530952380952381,4,1.9052631578947368,1.535186473868237,9.656849142188793,1.535186473868237,6.152966690279453,-3.138179084978463,1,22.0,0.0001303329991060309,42.0,0.0002312500000698492,41.0,0.00036162499600322917,42.0,0.0089231669990113,41.0,0.041789540999161545,42.0,0,0.9761904761904762
watts_strogatz,20,11,60,20,60,0.3157894736842105,6.0,8,4,0.8366600265340756,0.5435714285714286,4,1.9631578947368422,1.157925002539646,10.040296217894998,1.157925002539646,6.1196579656911085,-3.12039517519498,1,26.0,0.0001332910032942891,39.0,0.0001972499958355911,40.0,0.0003325829966343008,42.0,0.00865979200170841,41.0,0.04343475000496255,42.0,0,0.9761904761904762
watts_strogatz,20,12,60,20,60,0.3157894736842105,6.0,7,5,0.5477225575051661,0.4738095238095238,3,1.8789473684210527,1.7126444206672216,9.251396699560022,1.7126444206672216,6.050475248321973,-3.0166919490459,1,35.0,0.00020000000222353265,39.0,0.00021170899708522484,40.0,0.00045200000022305176,42.0,0.008167208994564135,41.0,0.04095445799612207,42.0,0,0.9761904761904762
watts_strogatz,20,13,60,20,60,0.3157894736842105,6.0,8,4,0.8944271909999159,0.46416666666666667,4,1.8578947368421053,1.580091213151957,9.802068511364972,1.580091213151957,6.144057311978993,-3.134718996742084,1,28.0,0.00014320800255518407,42.0,0.0002320420026080683,42.0,0.0003712090037879534,42.0,0.008793917004368268,42.0,0.04481020800449187,42.0,0,1.0
watts_strogatz,20,14,60,20,60,0.3157894736842105,6.0,8,5,0.7745966692414834,0.4091666666666667,3,1.8421052631578947,1.7493813663233246,9.985926497449276,1.7493813663233246,6.1009048024560535,-3.572566414143006,1,31.0,0.00013279099948704243,40.0,0.00020491600298555568,45.0,0.0003100000030826777,45.0,0.007990291000169236,45.0,0.04361383299692534,45.0,0,1.0
watts_strogatz,20,15,60,20,60,0.3157894736842105,6.0,9,4,1.0,0.5160714285714285,3,1.8894736842105264,1.5558045998568746,10.417749005893576,1.5558045998568746,6.186100068024189,-3.056506319641881,1,34.0,0.00013616700016427785,38.0,0.0002397089992882684,40.0,0.0003328750026412308,43.0,0.009411833001649939,40.0,0.04116775000147754,43.0,0,0.9302325581395349
watts_strogatz,20,16,60,20,60,0.3157894736842105,6.0,7,4,0.9486832980505138,0.3326190476190476,3,1.7894736842105263,2.037283680609697,9.9616582021222,2.037283680609697,6.189988654990564,-3.714316628913907,1,27.0,0.00013320899597601965,42.0,0.00022950000129640102,44.0,0.0002992910012835637,44.0,0.01026895799441263,43.0,0.04166741699737031,44.0,0,0.9772727272727273
watts_strogatz,20,17,60,20,60,0.3157894736842105,6.0,7,5,0.6324555320336759,0.49452380952380953,4,1.9421052631578948,1.5204401022225658,9.540166166969989,1.5204401022225658,6.0620807190345145,-3.0340695709722674,1,21.0,0.00014658399595646188,39.0,0.0002382079983362928,39.0,0.0008102499996311963,42.0,0.010221041993645485,41.0,0.04292604199872585,42.0,0,0.9761904761904762
watts_strogatz,20,18,60,20,60,0.3157894736842105,6.0,8,5,0.7071067811865476,0.5678571428571428,4,2.0052631578947366,1.2696998962409545,9.895731684786936,1.2696998962409545,6.104473555960047,-2.9122186989630965,1,28.0,0.0001479580023442395,39.0,0.0002697500021895394,41.0,0.000411082997743506,41.0,0.008966082998085767,41.0,0.04224195900314953,41.0,0,1.0
watts_strogatz,20,19,60,20,60,0.3157894736842105,6.0,7,5,0.5477225575051661,0.5504761904761905,4,2.0,1.3021962913593197,9.373536193862902,1.3021962913593197,6.071390697224874,-3.240958797277913,1,21.0,0.000151916996401269,41.0,0.0002662499973666854,43.0,0.0003684580005938187,44.0,0.009752124999067746,44.0,0.038580000000365544,44.0,0,1.0
watts_strogatz,20,20,60,20,60,0.3157894736842105,6.0,7,4,0.7745966692414834,0.4883333333333333,4,1.9157894736842105,1.491741174361643,9.517387397636853,1.491741174361643,6.119635268561947,-3.2971075468145,1,30.0,0.00015558300219709054,41.0,0.0002272080018883571,42.0,0.0003775409932131879,43.0,0.009209582996845711,42.0,0.0380666669952916,43.0,0,0.9767441860465116
watts_strogatz,20,21,60,20,60,0.3157894736842105,6.0,8,5,0.6324555320336759,0.5170238095238096,4,1.9526315789473685,1.4563107616081363,9.78654714626163,1.4563107616081363,6.073946077802333,-2.9718710978593954,1,34.0,0.0001582080003572628,37.0,0.00022158299543661997,40.0,0.0003802919964073226,42.0,0.008679457998368889,42.0,0.04145191700081341,42.0,0,1.0
watts_strogatz,20,22,60,20,60,0.3157894736842105,6.0,7,5,0.5477225575051661,0.5226190476190476,4,1.9631578947368422,1.332760852083771,9.127833648537965,1.332760852083771,6.050707995704594,-2.823289914208472,1,29.0,0.00015670800348743796,40.0,0.0002646249995450489,41.0,0.00038058300560805947,41.0,0.008852792001562193,41.0,0.04074779199436307,41.0,0,1.0
watts_strogatz,20,23,60,20,60,0.3157894736842105,6.0,7,5,0.7071067811865476,0.508095238095238,4,1.9263157894736842,1.3088260746025804,9.476756544900015,1.3088260746025804,6.083828230411449,-3.1834983903434857,1,25.0,0.00014899999951012433,39.0,0.0002780419963528402,43.0,0.000389916000131052,43.0,0.010322249996534083,40.0,0.0359787920024246,43.0,0,0.9302325581395349
watts_strogatz,20,24,60,20,60,0.3157894736842105,6.0,7,5,0.6324555320336759,0.49714285714285716,3,1.9105263157894736,1.571426201867272,9.269917844396824,1.571426201867272,6.083393008728157,-3.028243215192812,1,30.0,0.00014258300507208332,39.0,0.0002442920012981631,40.0,0.00034345800668234006,41.0,0.008714999996300321,41.0,0.04008133300521877,41.0,0,1.0
watts_strogatz,20,25,60,20,60,0.3157894736842105,6.0,7,5,0.4472135954999579,0.5185714285714286,4,1.9894736842105263,1.2408700500408087,9.118234141422024,1.2408700500408087,6.03277536853842,-3.0438561519050933,1,21.0,0.00013875000149710104,39.0,0.000207500001124572,41.0,0.00031099999614525586,42.0,0.009459125001740176,41.0,0.04097591699974146,42.0,0,0.9761904761904762
watts_strogatz,20,26,60,20,60,0.3157894736842105,6.0,8,4,1.0488088481701516,0.3820238095238095,3,1.8105263157894738,1.6321273744686686,10.404404399065063,1.6321273744686686,6.201640186049043,-3.286277458968125,1,29.0,0.00016720799612812698,40.0,0.00027533300453796983,40.0,0.0004241250062477775,43.0,0.009762750007212162,43.0,0.04147999999986496,43.0,0,1.0
watts_strogatz,20,27,60,20,60,0.3157894736842105,6.0,7,4,0.6324555320336759,0.5654761904761905,4,1.9947368421052631,1.1450590389972346,9.136082470912964,1.1450590389972346,6.098548879255579,-2.7886630943078683,1,17.0,0.00014187500346451998,37.0,0.00037308400351321325,41.0,0.0005079999973531812,41.0,0.008358957995369565,41.0,0.04345854200073518,41.0,0,1.0
watts_strogatz,20,28,60,20,60,0.3157894736842105,6.0,7,4,0.8366600265340756,0.464047619047619,3,1.8894736842105264,1.3950447145125753,9.548686968553067,1.3950447145125753,6.129734777554925,-3.160609476641871,1,37.0,0.0001385829964419827,42.0,0.00021558300068136305,41.0,0.00035429200215730816,42.0,0.008639916995889507,42.0,0.04188729099405464,42.0,0,1.0
watts_strogatz,20,29,60,20,60,0.3157894736842105,6.0,7,5,0.4472135954999579,0.5195238095238095,3,1.9105263157894736,1.4540761446641681,9.086237859771684,1.4540761446641681,6.0544231151194605,-2.898396955156183,1,28.0,0.00015700000221841037,40.0,0.0002457090013194829,41.0,0.00035095900238957256,41.0,0.008535417000530288,41.0,0.04172441700211493,41.0,0,1.0
